Dependent-Company Status,Age of company in years,Internet Activity Score,Employee Count,Has the team size grown,Country of company,Number of Investors in Seed,Number of Investors in Angel and or VC,Number of Co-founders,Number of of advisors,Team size Senior leadership,Team size all employees,Number of of repeat investors,Worked in top companies,Average size of companies worked for in the past,Have been part of startups in the past?,Was he or she partner in Big 5 consulting?,Consulting experience?,Product or service company?,Catering to product/service across verticals,Focus on consumer data?,Subscription based business,Local or global player,Linear or Non-linear business model,B2C or B2B venture?,Top forums talked about,Average Years of experience for founder and co founder,Exposure across the globe,Breadth of experience across verticals,Years of education,Relevance of experience to venture,Experience in selling and building products,Experience in Fortune 500 organizations,Skills score,Team Composition score,Dificulty of Obtaining Work force,Pricing Strategy,Company awards,google page rank of company website,Solutions offered,Invested through global incubation competitions?,Number of Direct competitors,Renown score
1,4.0,-1.0,3.0,0,1,2.0,0.0,1,2,2,15.0,4,0.0,0,0,0,0.0,0,0,0,1,1,1,0,2,2,1,0,1,1,1,0,0.0,0,0,1,1,9626884.0,1,0,0,0.0
1,3.0,125.0,35.0,0,1,5.0,0.0,2,0,4,20.0,0,1.0,2,1,0,0.0,1,0,1,0,0,0,0,0,2,1,2,1,1,2,0,34.0,2,1,1,1,1067034.0,1,0,0,8.0
1,3.0,455.0,14.0,0,1,15.0,0.0,3,0,7,10.0,0,1.0,1,0,0,0.0,2,1,1,1,0,0,1,0,1,1,0,0,1,2,0,36.0,2,1,1,0,71391.0,1,2,0,9.0
1,5.0,-99.0,45.0,0,1,6.0,0.0,2,0,4,50.0,0,0.0,2,1,0,0.0,1,1,1,1,0,0,0,1,1,1,0,0,1,0,0,15.5,1,1,1,0,11847.0,1,2,1,5.0
1,4.0,496.0,39.0,0,1,7.0,0.0,1,1,8,40.0,0,0.0,0,0,0,0.0,1,1,1,0,0,0,1,0,2,1,1,0,1,2,0,23.0,1,1,1,0,201814.0,1,0,0,6.0
1,4.0,106.0,14.0,0,1,2.0,0.0,4,0,4,14.0,2,0.0,1,0,0,0.0,0,0,1,0,0,0,1,0,2,1,1,1,0,0,0,25.0,1,1,1,0,591816.0,1,2,0,6.0
1,3.0,39.0,7.0,0,1,7.0,0.0,2,9,2,15.0,4,0.0,0,1,0,0.0,2,1,1,1,0,0,1,0,2,1,1,2,1,0,0,21.0,1,1,1,0,2345574.0,1,0,0,0.0
1,4.0,139.0,29.0,0,1,0.0,0.0,3,4,4,40.0,0,0.0,2,1,0,0.0,2,1,0,0,0,0,1,1,2,1,1,1,1,1,0,4.5,1,1,1,0,1015027.0,1,0,0,2.0
1,3.0,306.0,16.0,0,1,13.0,0.0,2,0,2,50.0,0,1.0,1,1,0,0.0,1,1,1,0,0,0,1,1,2,1,2,1,1,2,0,48.0,0,1,0,0,256921.0,1,0,0,5.0
1,1.0,53.0,3.0,0,1,0.0,0.0,3,4,3,3.0,0,1.0,1,1,0,0.0,1,0,1,0,1,0,1,0,2,1,2,2,1,2,0,25.5,1,2,1,0,3639779.0,1,0,0,4.0
1,3.0,762.0,34.0,0,1,0.0,0.0,2,1,8,50.0,0,0.0,0,1,0,0.0,2,0,1,0,1,0,1,1,2,1,2,0,1,2,0,14.5,2,1,1,0,142907.0,1,0,1,6.0
1,4.0,140.0,31.0,0,1,0.0,1.0,0,1,7,50.0,1,0.0,0,1,0,0.0,1,1,0,0,1,0,1,1,2,1,2,1,1,2,0,12.0,2,1,1,0,1560315.0,0,0,0,0.0
1,4.0,115.0,47.0,0,1,0.0,0.0,0,1,8,50.0,1,0.0,1,1,0,1.0,1,1,1,0,0,0,1,1,2,1,1,0,1,2,0,0.0,2,1,1,0,172054.0,1,0,0,0.0
1,6.0,277.0,22.0,0,1,0.0,0.0,3,0,6,22.0,0,0.0,2,1,1,1.0,1,0,1,1,1,0,1,1,1,1,0,0,1,1,0,20.5,1,1,1,0,99081.0,1,2,0,0.0
1,4.0,242.0,13.0,0,1,0.0,2.0,2,0,5,50.0,0,0.0,1,0,0,0.0,1,1,1,0,0,0,1,0,2,1,2,2,1,1,0,22.5,2,1,1,0,713494.0,1,0,0,1.0
1,6.0,533.0,129.0,1,1,0.0,0.0,2,0,8,200.0,0,0.0,0,0,0,0.0,2,0,1,0,1,0,1,1,2,1,1,1,1,2,1,21.0,2,1,1,0,289041.0,1,0,0,5.0
1,4.0,-81.0,23.0,0,1,0.0,3.0,1,0,7,50.0,2,0.0,0,0,0,0.0,1,1,1,0,0,0,1,0,2,1,2,1,1,2,0,12.0,1,1,1,0,1939943.0,1,0,0,2.0
1,5.0,471.0,52.0,0,1,0.0,0.0,3,0,8,50.0,2,0.0,0,0,0,0.0,2,1,1,0,1,0,1,1,2,1,1,1,1,2,0,4.5,2,1,1,1,276491.0,1,0,0,0.0
1,12.0,47.0,46.0,1,1,0.0,3.0,0,0,8,200.0,0,1.0,0,1,0,0.0,2,0,1,0,0,0,1,0,2,1,2,1,1,1,0,18.5,2,2,1,0,3341960.0,1,0,0,5.0
1,4.0,60.0,5.0,0,1,0.0,6.0,2,0,4,50.0,0,0.0,0,1,0,0.0,1,0,1,0,0,0,1,0,2,0,0,0,1,2,0,0.0,2,2,0,0,2461569.0,1,0,1,8.0
1,4.0,70.0,27.0,1,1,0.0,1.0,2,0,5,26.0,0,1.0,1,1,0,0.0,2,1,1,0,1,0,1,2,2,1,0,0,1,2,1,22.0,1,1,1,0,1246836.0,0,0,0,7.0
1,9.0,242.0,13.0,1,1,0.0,0.0,2,0,4,26.0,0,0.0,1,1,1,1.0,2,1,0,1,1,0,1,2,2,1,2,1,1,0,1,14.0,0,0,0,0,269278.0,1,0,0,0.0
1,2.0,245.0,32.0,1,1,0.0,0.0,3,8,3,33.0,2,1.0,1,1,0,0.0,0,1,1,0,1,0,1,2,2,1,1,1,1,0,1,17.0,2,1,0,0,761788.0,0,0,0,9.0
1,5.0,0.0,12.0,1,0,6.0,0.0,2,6,5,22.0,4,0.0,0,1,0,1.0,0,1,0,0,1,0,1,2,2,0,2,1,1,0,0,30.0,0,0,0,0,109189.0,0,0,0,9.0
1,2.0,373.0,3.0,1,1,1.0,0.0,2,0,2,3.0,0,0.0,0,1,0,0.0,0,1,0,1,0,1,0,2,2,1,1,2,1,0,0,40.0,0,0,0,0,642250.0,0,0,1,3.0
1,3.0,61.0,5.0,1,1,3.0,0.0,2,1,3,5.0,0,0.0,0,1,0,0.0,0,1,1,1,1,0,1,2,2,1,1,1,0,0,0,14.0,0,0,0,0,3799200.0,0,0,1,0.0
1,5.0,155.0,5.0,1,1,0.0,0.0,3,0,3,6.0,0,0.0,1,0,1,0.0,0,1,0,0,1,0,1,1,1,0,0,0,0,0,1,0.0,0,0,0,0,2497831.0,0,2,0,0.0
1,1.0,43.0,8.0,0,1,6.0,0.0,1,0,1,5.0,0,0.0,0,0,0,0.0,0,0,0,1,1,0,0,0,0,0,0,2,0,0,0,32.0,0,0,0,0,7253712.0,0,0,0,4.0
1,7.0,11.0,7.0,1,1,0.0,0.0,2,8,10,110.0,2,0.0,1,0,0,0.0,0,0,0,0,0,1,1,0,2,0,1,0,1,1,1,18.0,2,2,1,0,296645.0,0,2,0,1.0
1,2.0,281.0,3.0,0,1,3.0,0.0,2,0,2,3.0,0,0.0,0,0,0,0.0,0,0,0,0,1,0,0,0,1,0,1,0,1,0,0,17.0,0,0,0,0,155498.0,1,0,1,5.0
1,2.0,421.0,7.0,0,1,2.0,0.0,4,0,4,50.0,0,0.0,0,0,0,0.0,0,1,0,1,1,1,1,0,0,0,0,0,0,0,0,13.0,0,0,1,0,38021.0,1,2,0,2.0
1,6.0,-91.0,39.0,0,1,0.0,1.0,2,0,7,35.0,3,1.0,2,1,0,0.0,0,0,0,1,0,1,1,0,2,1,1,2,1,2,1,16.0,2,2,1,1,835064.5,0,2,0,4.0
1,4.0,983.0,115.0,1,1,2.0,3.0,3,2,5,132.0,3,0.0,0,0,0,0.0,1,1,0,1,1,0,1,0,1,0,1,0,0,1,0,31.0,2,2,1,0,9355.0,0,2,0,1.0
1,3.0,68.0,9.0,1,1,0.0,0.0,3,0,4,8.0,0,0.0,1,1,0,0.0,0,1,0,1,1,0,1,1,1,0,0,0,1,0,0,14.0,0,0,0,1,1024425.0,0,0,0,2.0
1,4.0,0.0,39.0,0,1,0.0,5.0,1,0,6,12.0,1,0.0,1,1,0,1.0,1,1,0,1,1,0,1,0,2,0,0,0,0,0,0,28.0,1,1,0,0,835064.5,0,0,0,1.0
1,2.0,75.0,14.0,1,1,0.0,3.0,2,6,4,13.0,0,0.0,1,0,0,0.0,0,1,1,1,1,0,1,0,2,0,1,0,1,2,1,45.0,1,1,1,1,1951415.0,0,2,0,0.0
1,2.0,140.0,26.0,1,1,0.0,0.0,4,4,4,30.0,2,0.0,1,0,0,0.0,0,1,1,0,1,1,1,0,2,1,1,0,1,1,0,21.0,1,2,0,0,912860.0,1,0,0,3.0
1,2.0,46.0,6.0,1,1,4.0,0.0,2,3,2,4.0,1,0.0,0,1,0,0.0,1,1,1,1,1,0,1,0,1,0,0,1,1,1,0,19.0,0,1,0,0,2439989.0,1,2,0,4.0
1,4.0,33.0,13.0,1,1,24.0,0.0,2,0,4,10.0,4,0.0,1,0,0,0.0,0,0,1,1,0,0,1,0,2,0,1,0,1,1,0,13.0,0,2,0,0,3792883.0,1,0,1,0.0
1,4.0,56.0,7.0,0,1,3.0,0.0,5,0,5,10.0,0,1.0,0,0,0,0.0,0,1,1,1,1,0,1,0,1,1,1,0,1,1,1,13.0,1,1,1,0,4518529.0,1,0,1,5.0
1,2.0,89.0,6.0,0,1,2.0,1.0,2,1,2,7.0,0,0.0,0,1,0,0.0,0,1,0,1,0,0,0,1,2,1,0,1,1,2,0,15.0,0,1,0,0,2219202.0,0,0,1,3.0
1,5.0,69.0,3.0,0,1,2.0,0.0,2,9,3,13.0,0,0.0,0,1,0,1.0,1,1,1,1,0,1,1,0,2,0,0,0,1,2,0,15.0,0,1,1,0,835064.5,1,0,1,5.0
1,3.0,374.0,57.0,1,1,1.0,0.0,0,8,3,57.0,0,0.0,1,0,0,0.0,0,1,0,0,1,1,0,1,2,1,1,1,1,0,0,25.0,0,1,1,0,835064.5,0,2,1,2.0
1,6.0,40.0,12.0,1,1,0.0,0.0,3,0,6,50.0,1,0.0,0,0,0,1.0,1,1,1,1,1,0,1,0,2,1,2,1,1,1,0,25.0,1,2,1,0,2607547.0,1,0,0,9.0
1,2.0,0.0,89.0,1,1,5.0,0.0,2,3,4,200.0,3,0.0,2,1,0,1.0,1,0,0,0,0,0,1,0,2,0,0,1,0,2,0,20.0,1,1,0,1,375492.0,0,0,1,8.0
1,4.0,-24.0,25.0,1,1,0.0,0.0,4,10,6,23.0,0,0.0,0,1,0,0.0,1,0,1,1,1,0,1,0,2,0,0,2,0,1,0,12.0,0,2,1,1,1810474.0,1,0,0,2.0
1,3.0,295.0,35.0,1,1,0.0,1.0,2,2,2,32.0,0,0.0,1,0,0,0.0,1,1,0,1,1,0,1,0,2,0,1,2,0,1,0,25.0,1,2,1,0,221783.0,1,0,0,6.0
1,11.0,111.0,267.0,1,1,0.0,0.0,2,13,14,300.0,0,0.0,1,1,0,0.0,1,0,1,0,1,0,0,0,2,1,1,0,1,1,0,25.0,1,1,0,0,1089377.0,1,0,0,0.0
1,14.0,160.0,594.0,1,1,0.0,0.0,2,0,9,616.0,0,0.0,2,0,0,0.0,0,1,1,1,1,0,1,0,2,1,2,0,1,2,0,51.5,2,2,0,1,213086.0,1,0,0,1.0
0,4.0,0.0,6.0,0,1,0.0,0.0,2,0,2,7.0,3,1.0,0,1,0,0.0,1,1,1,1,0,0,0,0,2,1,1,0,1,1,1,32.0,0,1,1,0,375318.0,0,0,1,5.0
1,3.0,805.0,23.0,1,1,0.0,3.0,2,1,3,28.0,2,0.0,1,1,0,0.0,0,1,0,1,1,0,1,1,2,1,1,0,1,1,0,25.0,0,0,1,0,11967.0,1,0,0,3.0
1,5.0,-129.0,50.0,1,1,0.0,0.0,2,2,4,55.0,3,1.0,2,1,0,0.0,2,0,1,0,1,0,1,1,2,1,1,0,1,1,1,14.0,0,1,1,0,169460.0,1,0,0,0.0
1,5.0,416.0,104.0,1,1,0.0,0.0,3,5,7,115.0,4,0.0,2,0,1,0.0,2,1,0,1,1,0,1,1,2,1,2,1,1,2,0,44.0,2,1,1,0,447301.0,0,0,0,9.0
1,7.0,0.0,8.0,1,1,0.0,2.0,4,3,8,70.0,4,0.0,1,0,0,0.0,0,0,0,1,1,0,1,2,2,1,2,1,1,1,0,26.0,2,1,1,0,835064.5,1,0,1,6.0
1,2.0,888.0,38.0,1,1,10.0,0.0,1,3,4,40.0,2,0.0,1,0,0,0.0,0,1,0,1,1,1,1,0,1,0,0,0,0,0,0,0.0,1,1,1,0,86394.0,0,2,0,4.0
1,3.0,524.0,20.0,1,1,3.0,0.0,2,2,3,30.0,1,0.0,1,0,0,0.0,0,1,0,1,1,1,1,1,2,1,2,0,1,1,0,22.0,1,1,1,0,217103.0,0,0,0,0.0
1,6.0,16.0,16.0,0,1,0.0,1.0,2,2,3,5.0,0,1.0,2,0,0,1.0,1,0,0,0,0,0,1,0,2,1,1,1,1,1,1,25.0,0,2,1,0,12999889.0,1,0,0,4.0
1,2.0,272.0,24.0,0,1,1.0,0.0,2,2,4,15.0,0,1.0,0,1,0,1.0,1,0,1,0,1,1,1,1,2,1,0,1,1,1,0,25.0,1,1,1,0,282991.0,1,0,0,0.0
1,2.0,0.0,43.0,0,1,0.0,1.0,2,0,2,50.0,0,0.0,0,1,0,1.0,0,0,1,0,0,0,1,1,2,1,1,1,1,1,0,15.0,1,2,0,0,835064.5,1,0,0,7.0
1,2.0,124.0,13.0,0,1,2.0,1.0,2,0,2,14.0,0,0.0,1,0,0,1.0,1,0,1,1,0,0,1,0,2,0,0,0,1,1,0,17.0,2,1,1,0,754828.0,0,0,0,6.0
1,5.0,409.0,22.0,1,1,0.0,0.0,2,0,2,50.0,2,1.0,2,0,0,1.0,1,0,0,1,1,0,1,1,2,0,1,0,1,1,1,20.0,0,0,1,0,28597.0,0,0,0,4.0
1,2.0,51.0,31.0,1,1,10.0,0.0,2,1,4,18.0,0,0.0,0,1,0,1.0,0,0,0,0,1,1,1,0,2,1,0,1,1,1,0,25.0,0,0,0,0,761094.0,0,0,0,0.0
1,2.0,388.0,17.0,0,0,0.0,1.0,2,1,2,18.0,0,0.0,2,0,0,1.0,0,0,0,0,0,0,0,0,1,1,1,0,1,1,1,20.0,0,1,1,0,17535.0,0,1,0,1.0
1,2.0,315.0,3.0,0,0,1.0,0.0,2,0,2,4.0,0,0.0,0,1,0,1.0,1,0,0,1,1,1,0,0,1,1,1,0,1,1,0,19.0,0,0,0,0,204716.0,0,0,0,4.0
1,2.0,0.0,5.0,0,1,1.0,0.0,2,0,2,17.0,0,0.0,2,1,0,1.0,1,0,0,0,0,1,0,0,1,0,0,0,1,1,0,6.0,0,0,1,0,835064.5,0,1,1,1.0
1,7.0,0.0,6.0,1,0,0.0,0.0,2,0,1,488.0,0,0.0,0,1,0,1.0,0,1,0,0,1,1,1,1,2,0,1,0,1,1,0,25.0,2,0,1,0,835064.5,1,0,0,4.0
1,5.0,157.0,43.0,1,1,0.0,0.0,4,1,5,39.0,0,0.0,0,1,0,1.0,0,1,0,1,1,0,1,0,2,1,1,0,1,1,0,25.0,1,0,0,1,346300.0,0,0,0,8.0
1,2.0,133.0,41.0,0,0,0.0,4.0,2,0,2,5.0,0,0.0,1,1,0,1.0,0,0,1,1,0,0,1,0,1,0,1,1,1,1,0,0.0,0,0,0,0,1873143.0,0,0,0,1.0
1,1.0,408.0,168.0,0,0,1.0,0.0,2,0,2,6.0,0,0.0,0,1,0,1.0,1,1,0,1,1,0,1,1,1,0,0,0,1,1,0,25.0,0,1,1,0,63274.0,0,0,0,4.0
1,3.0,239.0,27.0,0,0,2.0,0.0,4,0,4,4.0,0,0.0,0,1,0,1.0,1,0,1,1,1,0,1,1,2,0,0,0,1,1,0,25.0,0,1,1,0,1275090.0,1,0,0,0.0
1,5.0,43.0,6.0,0,0,0.0,6.0,3,0,5,10.0,0,0.0,0,1,0,1.0,0,1,1,1,1,0,0,0,2,0,1,1,1,1,0,18.0,0,1,1,0,1766890.0,0,0,1,2.0
1,3.0,8.0,20.0,0,0,1.0,0.0,0,0,3,6.0,0,0.0,1,0,0,1.0,1,0,1,0,1,0,1,0,2,0,0,1,0,1,0,25.0,1,1,1,0,835064.5,0,1,0,0.0
1,2.0,217.0,2.0,0,0,0.0,1.0,3,0,3,3.0,0,0.0,2,0,0,1.0,1,1,1,0,1,0,1,0,1,1,1,1,1,1,1,25.0,0,2,0,1,2278656.0,1,0,0,3.0
1,4.0,64.0,14.0,0,0,2.0,0.0,2,0,3,4.0,0,0.0,2,0,0,1.0,1,0,0,0,1,0,1,0,1,0,0,1,0,1,0,18.0,0,1,0,1,1505714.0,0,2,0,0.0
1,1.0,181.0,9.0,0,0,2.0,0.0,2,0,3,10.0,0,0.0,0,1,0,1.0,0,0,0,0,0,0,1,0,2,1,1,1,1,1,0,25.0,2,2,0,0,1668553.0,0,0,1,1.0
1,2.0,-34.0,7.0,0,0,0.0,1.0,2,0,5,5.0,0,0.0,0,1,0,1.0,1,0,1,1,0,0,0,0,1,0,0,1,1,1,0,19.0,1,0,1,0,4095647.0,0,0,0,4.0
1,2.0,14.0,13.0,1,0,2.0,0.0,2,0,2,50.0,1,0.0,2,1,0,1.0,0,1,0,0,0,0,1,0,1,1,0,0,0,0,0,18.0,0,0,1,0,1652983.0,0,0,1,2.0
1,2.0,398.0,11.0,0,0,0.0,0.0,4,0,3,10.0,0,0.0,2,0,0,1.0,0,0,1,0,1,0,0,0,1,1,0,1,1,0,0,14.0,0,0,1,0,235406.0,0,0,1,4.0
1,4.0,372.0,41.0,0,0,3.0,0.0,3,0,3,50.0,0,0.0,1,1,0,0.0,0,1,1,1,1,1,1,0,1,1,0,2,1,2,0,19.0,2,1,1,0,163353.0,0,0,0,7.0
1,4.0,-8.0,4.0,1,0,0.0,0.0,3,1,2,50.0,0,0.0,2,0,0,1.0,1,1,0,1,1,1,1,1,2,1,2,2,1,0,1,6.0,2,1,1,1,5620837.0,1,0,0,2.0
1,4.0,263.0,18.0,1,0,2.0,0.0,2,0,3,50.0,0,0.0,2,1,1,1.0,0,1,0,1,1,0,1,0,2,1,1,2,1,1,0,5.0,0,1,0,0,962657.0,0,0,1,1.0
1,2.0,1.0,34.0,1,0,0.0,0.0,2,0,7,10.0,0,0.0,0,1,0,1.0,1,0,0,1,1,1,0,1,2,1,0,0,1,2,1,10.0,0,1,0,1,6222945.0,1,0,1,6.0
1,3.0,42.0,11.0,0,0,0.0,1.0,5,2,5,50.0,0,0.0,0,0,0,0.0,0,1,0,0,1,1,1,0,2,1,1,1,1,1,0,44.0,2,2,0,0,2281937.0,0,0,1,3.0
1,3.0,138.0,14.0,1,0,2.0,0.0,2,0,2,50.0,0,0.0,0,1,1,0.0,0,1,0,1,1,1,1,0,1,1,0,0,0,0,1,27.0,1,0,0,0,346554.0,1,0,0,6.0
1,3.0,401.0,18.0,1,0,2.0,3.0,4,0,2,10.0,0,0.0,0,0,1,1.0,0,1,0,1,1,0,1,1,2,1,0,1,0,0,1,24.0,1,1,1,0,7917.0,1,0,1,0.0
1,3.0,-77.0,45.0,0,0,1.0,0.0,2,0,1,50.0,0,0.0,2,1,0,0.0,0,1,0,1,0,0,0,0,2,1,0,1,0,1,1,9.0,2,0,1,0,4996181.0,1,0,1,2.0
1,4.0,-103.0,6.0,0,0,2.0,0.0,3,1,3,50.0,0,0.0,0,1,0,0.0,0,0,0,1,0,0,1,0,2,1,1,1,1,2,1,30.0,2,0,1,1,312361.0,1,0,1,5.0
1,5.0,-2.0,20.0,0,0,0.0,0.0,2,3,5,50.0,0,0.0,1,1,0,1.0,0,1,0,1,0,1,1,0,2,0,1,2,1,1,0,37.0,0,1,0,1,44436.0,0,0,0,7.0
1,3.0,261.0,11.0,0,0,6.0,0.0,2,0,2,10.0,1,0.0,0,1,0,0.0,0,1,0,1,0,0,0,0,2,0,1,1,1,1,0,49.0,0,2,0,0,1447733.0,1,0,0,2.0
1,1.0,763.0,10.0,1,0,9.0,0.0,2,0,4,50.0,0,0.0,0,1,0,1.0,0,0,0,1,1,1,1,0,2,0,2,1,1,1,0,37.0,0,2,0,0,163851.0,1,2,0,3.0
1,4.0,-13.0,6.0,0,1,0.0,0.0,0,0,6,10.0,0,1.0,0,1,0,0.0,0,1,1,0,1,0,0,1,2,1,1,1,0,1,0,10.0,0,1,0,0,7355795.0,1,2,1,1.0
1,3.0,293.0,28.0,1,1,0.0,0.0,0,0,12,50.0,0,0.0,2,1,0,0.0,1,0,1,0,1,1,1,1,1,0,1,2,1,2,1,0.0,2,1,0,0,835064.5,0,0,1,3.0
1,4.0,126.0,25.0,1,1,0.0,4.0,3,2,8,28.0,0,0.0,0,1,0,0.0,0,0,0,0,0,0,1,0,2,1,1,1,1,1,1,19.0,1,1,0,0,46550.0,1,0,0,3.0
1,7.0,9.0,7.0,1,0,0.0,2.0,2,2,12,88.0,0,1.0,2,1,1,1.0,0,0,1,1,1,1,1,0,0,0,1,0,1,2,1,25.0,0,0,0,0,835064.5,1,0,0,0.0
1,12.0,123.0,31.0,0,1,0.0,2.0,0,0,2,50.0,0,0.0,2,1,1,1.0,0,1,1,0,0,0,1,0,2,0,1,1,1,2,0,24.0,2,1,1,0,2584435.0,1,0,0,4.0
1,3.0,53.0,8.0,0,0,3.0,0.0,2,0,3,8.0,0,0.0,1,0,0,1.0,1,0,0,0,1,0,1,0,0,1,1,1,1,1,0,14.0,1,1,0,0,516830.0,1,2,0,3.0
1,2.0,504.0,34.0,0,0,2.0,0.0,3,1,3,4.0,0,0.0,0,0,0,0.0,0,0,1,0,1,0,1,0,0,0,0,0,1,0,0,13.0,1,0,1,0,314409.0,0,0,0,0.0
1,2.0,661.0,57.0,1,1,1.0,0.0,4,0,4,315.0,0,0.0,0,1,0,0.0,0,0,1,0,0,1,0,0,1,0,0,0,1,0,0,18.0,2,0,0,0,7665.0,1,0,0,0.0
1,2.0,0.0,14.0,0,1,1.0,0.0,2,0,2,50.0,0,0.0,0,1,0,1.0,1,0,0,0,0,0,0,0,2,0,1,1,1,2,0,21.0,0,0,1,0,835064.5,1,0,0,4.0
1,2.0,220.0,6.0,0,0,3.0,0.0,2,0,4,6.0,0,0.0,1,1,0,1.0,1,0,1,0,0,0,0,0,1,1,1,1,1,2,0,19.0,2,0,0,0,19728.0,1,2,0,2.0
1,2.0,0.0,20.0,0,1,4.0,3.0,2,0,4,11.0,2,0.0,1,0,1,1.0,1,0,0,1,0,1,0,0,2,1,1,1,1,1,0,19.0,1,0,1,0,835064.5,1,0,1,0.0
1,2.0,-2.0,6.0,0,0,0.0,1.0,3,0,3,5.0,0,0.0,0,1,0,1.0,1,1,1,0,1,0,0,0,0,0,1,0,0,0,0,25.0,1,1,1,0,1983752.0,1,0,0,0.0
1,4.0,-34.0,16.0,0,0,0.0,1.0,2,0,4,50.0,0,0.0,0,1,0,0.0,1,0,0,0,1,1,1,0,2,0,1,0,1,1,0,17.0,1,2,0,0,10080538.0,1,0,0,0.0
1,5.0,-26.0,32.0,0,0,1.0,0.0,1,0,1,50.0,0,0.0,1,1,0,0.0,0,1,1,1,1,0,1,0,0,1,1,1,1,2,0,0.0,1,1,0,0,835064.5,1,1,1,1.0
1,5.0,265.0,13.0,0,0,2.0,1.0,0,1,7,10.0,0,0.0,1,1,0,0.0,0,1,1,1,1,0,1,0,2,1,1,1,0,0,0,16.0,0,1,0,0,302399.0,0,0,1,5.0
1,2.0,-2.0,89.0,0,0,3.0,0.0,1,0,2,10.0,0,0.0,0,1,0,0.0,0,1,0,1,0,1,1,0,1,0,1,0,1,0,0,11.0,0,0,0,0,117309.0,0,0,1,0.0
1,6.0,98.0,12.0,0,1,3.0,0.0,3,2,5,20.0,1,0.0,0,1,0,0.0,0,1,1,0,1,0,1,0,1,1,1,0,1,2,0,48.0,2,1,1,1,915558.0,1,0,0,3.0
1,3.0,338.0,12.0,0,1,22.0,0.0,2,0,2,10.0,2,1.0,2,1,0,1.0,0,1,0,0,1,1,1,0,2,1,2,1,1,2,0,19.0,1,1,0,1,431282.0,0,2,0,4.0
1,4.0,-46.0,22.0,0,1,1.0,0.0,1,0,3,10.0,0,0.0,0,1,0,0.0,1,0,1,1,1,0,1,1,2,1,2,1,1,2,0,25.0,1,2,1,0,1370603.0,1,0,0,7.0
1,4.0,16.0,4.0,0,1,1.0,0.0,0,0,3,10.0,0,0.0,0,1,0,1.0,0,0,1,0,0,0,1,0,2,1,1,1,1,2,0,22.0,1,1,1,1,12799600.0,0,0,0,0.0
1,4.0,361.0,8.0,0,1,3.0,0.0,2,1,5,10.0,0,0.0,1,0,0,0.0,2,1,1,0,0,0,1,0,1,1,1,0,1,2,0,13.0,1,1,1,1,91162.0,1,0,1,0.0
1,2.0,98.0,17.0,0,1,5.0,0.0,3,4,4,14.0,0,0.0,2,1,0,0.0,2,0,0,0,1,0,1,0,2,1,2,1,1,2,0,57.5,2,1,1,1,1752170.0,1,0,0,6.0
1,4.0,0.0,4.0,0,0,4.0,0.0,0,0,3,15.0,0,0.0,0,1,0,0.0,1,1,1,0,0,0,1,1,2,1,1,1,1,0,0,23.5,1,1,1,0,544030.0,0,0,0,0.0
1,2.0,161.0,21.0,0,1,8.0,0.0,0,0,4,50.0,0,1.0,2,0,0,1.0,1,1,1,0,0,0,1,1,1,1,2,1,1,2,0,25.0,1,1,1,0,6864799.0,1,0,0,4.0
1,5.0,230.0,8.0,0,1,6.0,0.0,1,2,4,11.0,0,1.0,2,0,0,0.0,2,1,1,0,1,0,1,1,1,1,0,0,1,0,1,16.5,1,1,1,1,64262.0,1,2,0,2.0
1,1.0,0.0,1.0,0,0,1.0,0.0,0,0,3,10.0,0,1.0,2,1,0,1.0,1,1,1,1,1,0,1,0,1,1,0,0,1,2,0,6.5,1,1,1,0,1058457.0,0,0,0,0.0
1,3.0,528.0,12.0,0,1,3.0,0.0,0,4,4,5.0,0,0.0,0,1,0,1.0,1,1,1,1,0,0,1,1,2,1,2,1,1,2,0,14.5,1,1,1,0,194733.0,1,0,0,5.0
1,5.0,512.0,14.0,0,1,0.0,0.0,3,0,4,50.0,0,0.0,1,0,1,1.0,0,1,0,0,0,0,1,0,2,1,1,0,1,2,0,19.5,1,1,1,1,263431.0,0,0,0,5.0
1,9.0,78.0,32.0,0,1,0.0,0.0,2,7,5,10.0,3,0.0,0,1,0,1.0,2,1,0,0,1,0,1,0,2,1,2,0,1,2,0,35.0,2,1,1,1,709728.0,0,0,0,1.0
1,6.0,150.0,22.0,0,1,1.0,0.0,2,1,8,18.0,0,0.0,0,1,0,0.0,1,0,1,0,0,0,0,1,2,1,1,0,1,2,0,17.0,2,0,1,0,29452.0,0,0,1,5.0
1,2.0,129.0,16.0,0,1,0.0,0.0,0,0,7,15.0,0,0.0,1,1,0,0.0,1,0,1,0,0,0,0,0,1,1,0,0,1,0,0,22.0,2,1,1,0,297388.0,0,0,0,5.0
1,4.0,-4.0,12.0,0,1,1.0,0.0,1,0,4,50.0,0,0.0,0,1,0,0.0,1,0,1,0,0,0,1,0,2,1,1,0,1,2,0,23.0,1,1,1,0,245871.0,1,0,0,7.0
1,3.0,29.0,5.0,0,1,0.0,0.0,0,4,2,5.0,0,0.0,2,1,0,1.0,1,0,1,0,1,0,1,0,2,1,1,0,1,2,0,43.5,0,1,1,0,2134030.0,1,0,0,7.0
1,4.0,-68.0,35.0,0,1,0.0,0.0,3,7,7,50.0,1,0.0,1,1,0,0.0,1,0,1,0,0,0,1,0,2,1,2,2,1,2,0,23.0,2,1,1,0,1842172.0,1,0,0,9.0
1,3.0,266.0,37.0,0,1,0.0,0.0,2,0,4,11.0,1,1.0,2,0,0,0.0,1,1,0,0,0,0,1,0,2,1,2,2,1,2,0,53.0,2,1,1,0,226890.0,1,2,0,5.0
1,3.0,70.0,9.0,0,1,0.0,0.0,5,0,6,10.0,0,0.0,2,1,1,1.0,1,1,1,0,1,0,1,0,2,1,2,1,1,2,0,36.0,2,1,1,0,4910627.0,1,0,0,0.0
1,8.0,113.0,138.0,1,1,0.0,0.0,1,7,9,130.0,2,0.0,2,1,0,0.0,1,1,1,0,0,0,1,1,1,1,0,0,1,2,0,0.0,2,1,1,0,408646.0,1,0,1,0.0
1,3.0,147.0,11.0,0,1,0.0,0.0,2,0,3,15.0,0,0.0,1,1,0,0.0,2,1,1,0,0,0,1,0,2,1,2,1,1,1,0,14.0,1,1,1,0,1046310.0,1,0,0,4.0
1,4.0,62.0,16.0,0,1,0.0,0.0,1,0,5,50.0,0,0.0,0,0,0,0.0,1,0,0,1,1,0,1,1,2,1,1,0,1,1,0,0.0,2,2,1,0,2352334.0,1,0,0,0.0
1,15.0,150.0,178.0,1,1,0.0,0.0,0,0,10,175.0,0,0.0,2,0,0,0.0,2,1,1,0,0,0,1,0,2,1,2,1,1,0,0,13.5,2,1,1,0,1085205.0,1,0,0,2.0
1,6.0,429.0,73.0,0,1,0.0,6.0,0,0,6,75.0,3,0.0,2,1,0,0.0,1,1,1,0,1,0,0,1,1,1,1,1,1,2,0,26.0,2,1,1,0,28190.0,1,0,1,0.0
1,8.0,-385.0,118.0,1,1,0.0,0.0,2,0,12,120.0,1,0.0,0,1,0,0.0,1,1,1,0,1,0,1,0,2,1,2,1,1,2,0,24.5,2,1,1,1,211794.0,1,0,1,1.0
1,2.0,96.0,10.0,0,0,0.0,1.0,3,3,4,16.0,0,0.0,1,1,0,1.0,1,1,1,1,1,0,1,1,1,1,1,0,1,1,0,7.5,2,1,1,0,1603864.0,1,0,0,2.0
1,4.0,81.0,22.0,0,1,0.0,2.0,1,0,8,23.0,0,0.0,0,1,0,0.0,1,1,1,0,0,0,1,1,2,1,1,0,1,2,0,21.0,2,1,1,0,731564.0,0,0,1,2.0
1,2.0,627.0,4.0,0,1,0.0,1.0,1,0,1,10.0,0,0.0,0,0,0,0.0,1,1,0,1,0,0,1,0,1,1,0,0,1,2,0,23.0,1,1,1,0,193129.0,1,0,0,4.0
0,10.0,0.0,12.0,1,1,0.0,0.0,3,1,5,100.0,0,0.0,1,1,0,0.0,2,0,1,0,0,0,1,1,2,1,1,0,1,2,0,100.0,0,0,0,1,835064.5,1,0,0,4.0
0,14.0,0.0,18.0,0,1,0.0,0.0,0,0,8,50.0,0,0.0,2,1,0,1.0,1,0,0,0,0,1,1,0,2,1,0,1,1,2,1,25.0,1,0,0,0,835064.5,1,0,0,5.0
0,10.0,-445.0,79.0,1,1,0.0,0.0,1,0,6,10.0,0,1.0,1,1,0,0.0,1,1,0,0,1,0,0,2,2,1,1,1,1,2,0,200.0,0,0,0,0,483.0,0,0,1,1.0
0,9.0,-91.0,3.0,0,1,0.0,0.0,3,0,5,30.0,0,0.0,0,0,0,1.0,1,0,1,0,1,0,0,2,2,1,0,2,1,0,0,0.0,0,0,1,0,545749.0,1,0,1,0.0
0,5.0,-69.0,8.0,0,1,0.0,0.0,0,0,5,80.0,1,0.0,0,1,0,1.0,0,0,0,0,0,0,1,1,2,0,1,1,1,1,0,8.0,0,1,1,0,8990243.0,1,0,1,3.0
0,9.0,-46.0,31.0,0,1,0.0,1.0,1,0,5,50.0,0,0.0,0,1,0,1.0,1,0,0,1,0,0,0,2,2,0,0,1,1,2,0,25.0,0,0,1,1,8714861.0,1,0,0,3.0
0,6.0,14.0,35.0,0,0,0.0,0.0,0,0,5,40.0,0,0.0,0,1,0,1.0,1,1,0,0,1,0,0,1,2,0,1,1,1,0,0,25.0,0,1,1,0,1989996.0,0,1,0,7.0
0,2.0,16.0,1.0,0,1,0.0,0.0,1,0,1,10.0,0,0.0,0,0,0,1.0,1,0,0,0,0,1,0,0,2,0,0,0,0,0,0,25.0,0,0,1,1,3274502.0,1,1,0,3.0
0,3.0,107.0,0.0,0,1,5.0,5.0,3,0,3,6.0,4,1.0,0,0,0,0.0,0,0,0,0,0,0,0,2,2,0,1,0,1,2,1,12.0,0,0,1,0,718025.0,0,2,0,2.0
0,4.0,-77.0,19.0,0,1,9.0,0.0,3,0,5,10.0,0,0.0,1,0,0,0.0,1,0,0,0,0,0,0,1,1,0,0,0,0,0,0,4.0,0,0,1,0,3638146.0,1,0,1,3.0
0,6.0,-535.0,5.0,0,1,0.0,2.0,0,0,1,10.0,0,0.0,0,0,0,0.0,1,0,1,0,1,0,0,1,2,1,1,0,1,1,0,9.0,0,0,0,0,245307.0,0,0,1,0.0
0,7.0,-8.0,1.0,0,0,0.0,0.0,0,0,3,10.0,1,0.0,1,0,0,1.0,0,0,0,0,1,0,0,0,2,0,0,0,0,0,0,0.0,0,0,0,0,14598301.0,1,0,1,5.0
0,8.0,0.0,13.0,0,0,0.0,1.0,1,0,1,3.0,0,0.0,1,1,0,0.0,0,0,0,1,1,0,0,2,2,0,1,0,0,0,0,140.0,0,0,0,0,835064.5,0,0,1,3.0
1,5.0,0.0,104.0,0,0,0.0,0.0,2,0,6,20.0,1,0.0,0,0,0,0.0,0,0,0,1,0,0,0,2,1,0,1,0,0,1,0,18.0,0,0,0,0,835064.5,1,0,1,6.0
0,8.0,8.0,0.0,0,1,0.0,0.0,1,0,1,3.0,0,0.0,0,0,0,0.0,0,0,0,1,0,0,0,0,1,0,1,1,1,1,1,29.0,0,0,0,0,7974958.0,0,0,0,5.0
0,7.0,-9.0,15.0,1,1,0.0,0.0,3,2,6,40.0,0,0.0,0,1,0,0.0,0,0,0,1,0,0,0,0,2,1,1,1,1,1,0,25.0,1,1,1,0,16821322.0,1,0,1,6.0
1,9.0,50.0,26.0,1,1,0.0,0.0,3,2,4,32.0,1,0.0,0,1,0,0.0,0,0,1,1,0,0,0,2,2,0,0,0,1,2,0,12.0,0,0,1,0,7445.0,0,0,1,2.0
0,4.0,0.0,5.0,1,0,0.0,0.0,2,0,2,50.0,1,0.0,0,0,0,0.0,0,0,0,1,1,0,0,0,2,1,1,1,1,1,0,0.0,1,1,1,0,835064.5,1,0,1,0.0
0,4.0,0.0,16.0,0,1,1.0,0.0,2,0,2,3.0,0,1.0,0,1,0,0.0,0,0,0,0,1,0,1,0,1,0,0,0,0,1,0,45.0,1,0,1,0,835064.5,0,0,0,2.0
1,2.0,205.0,48.0,1,1,0.0,0.0,2,0,3,51.0,0,0.0,2,1,0,0.0,0,1,1,1,1,0,1,2,2,0,0,1,1,1,1,16.0,1,1,1,0,2205289.0,0,2,0,0.0
1,7.0,120.0,9.0,1,1,0.0,1.0,3,6,11,322.0,4,0.0,1,1,1,1.0,1,0,1,1,1,1,1,2,2,0,0,0,0,1,0,50.0,2,2,1,1,29182.0,0,0,1,5.0
1,7.0,-69.0,55.0,1,1,0.0,7.0,2,0,6,46.0,4,0.0,1,1,0,0.0,1,1,0,0,1,1,1,2,2,0,1,1,0,0,1,40.0,0,2,1,0,835064.5,0,0,0,0.0
1,1.0,0.0,10.0,1,1,0.0,0.0,2,0,3,12.0,0,0.0,0,0,0,0.0,0,1,1,1,1,0,1,2,2,0,1,1,1,1,1,18.0,0,0,0,0,1615432.0,0,0,0,0.0
0,7.0,17.0,4.0,0,1,0.0,0.0,2,1,2,5.0,0,1.0,0,0,0,0.0,0,0,0,1,1,0,1,0,1,0,1,1,1,1,1,25.0,1,0,0,0,835064.5,0,0,1,3.0
0,7.0,0.0,21.0,0,1,0.0,1.0,2,0,3,4.0,0,0.0,1,1,0,0.0,0,0,0,1,1,1,0,0,1,0,0,0,1,1,1,10.0,0,1,0,0,835064.5,0,1,1,0.0
1,7.0,1535.0,14.0,1,1,0.0,0.0,1,6,5,33.0,0,0.0,1,1,0,1.0,0,1,0,1,1,0,1,0,1,1,1,2,1,2,0,41.0,2,1,1,1,104224.0,1,2,0,1.0
1,1.0,120.0,5.0,0,1,0.0,7.0,4,1,4,8.0,4,0.0,0,1,0,0.0,0,0,0,0,0,0,1,0,1,0,0,1,0,0,1,10.0,0,0,1,0,1125918.0,0,2,0,6.0
1,7.0,355.0,103.0,1,1,0.0,0.0,2,3,3,105.0,3,0.0,2,1,1,1.0,1,1,0,1,1,1,0,1,2,0,1,0,1,2,0,6.0,2,2,0,0,95565.0,1,2,0,0.0
1,5.0,0.0,14.0,0,0,4.0,0.0,2,0,2,5.0,0,0.0,0,1,0,0.0,0,1,1,0,0,0,1,0,1,0,0,0,0,0,0,17.0,0,0,0,0,6536311.0,0,2,0,4.0
1,1.0,294.0,4.0,0,1,1.0,1.0,3,0,4,6.0,0,0.0,0,0,0,0.0,0,0,0,1,0,1,1,0,2,0,1,1,1,0,0,45.0,0,0,1,0,810092.0,0,0,0,4.0
1,3.0,221.0,26.0,1,1,9.0,0.0,2,0,6,32.0,3,0.0,2,0,0,0.0,0,0,1,1,0,0,0,0,1,0,2,0,1,0,0,27.0,1,1,1,1,797253.0,0,2,1,4.0
1,2.0,334.0,36.0,1,1,0.0,0.0,2,4,7,42.0,1,1.0,1,0,0,0.0,0,1,0,0,1,0,1,0,2,1,2,2,1,2,1,40.0,1,1,1,0,583200.0,0,0,0,1.0
1,7.0,84.0,20.0,1,1,0.0,0.0,1,4,5,290.0,0,0.0,0,1,0,1.0,0,1,0,0,1,0,1,0,2,0,1,0,0,0,0,20.0,1,1,1,0,835064.5,0,0,1,8.0
1,5.0,237.0,38.0,1,1,2.0,3.0,1,5,7,40.0,3,0.0,0,0,0,0.0,0,1,0,0,1,1,1,0,2,0,1,0,1,1,0,21.0,1,1,0,0,2155880.0,0,2,0,2.0
0,7.0,0.0,14.0,0,1,0.0,0.0,2,1,3,4.0,0,0.0,0,0,0,0.0,0,0,0,1,1,0,0,0,2,0,1,1,1,0,0,25.0,0,0,0,0,835064.5,1,1,1,4.0
1,4.0,616.0,6.0,0,1,5.0,0.0,2,0,2,5.0,0,0.0,0,0,0,0.0,0,1,0,0,1,0,1,1,1,0,2,1,0,0,0,35.0,0,0,0,0,103061.0,0,0,0,0.0
0,4.0,3.0,32.0,0,1,0.0,0.0,3,1,4,10.0,0,0.0,0,0,0,0.0,1,0,0,1,0,0,0,1,2,0,1,0,1,0,0,10.0,1,0,1,1,2738450.0,1,0,1,7.0
1,2.0,137.0,24.0,1,1,0.0,0.0,3,4,6,30.0,1,0.0,1,1,0,0.0,1,1,0,1,1,1,1,0,2,0,2,1,1,1,0,12.0,1,1,1,0,1065438.0,0,2,0,1.0
1,12.0,83.0,6.0,1,1,0.0,0.0,1,6,7,18.0,0,0.0,1,1,0,0.0,0,1,0,0,1,1,1,0,2,1,2,0,1,2,0,0.0,2,1,1,0,835064.5,0,0,0,7.0
1,4.0,191.0,6.0,0,1,0.0,9.0,2,0,3,8.0,0,1.0,2,1,0,0.0,1,0,0,0,1,0,1,0,2,1,2,2,1,2,1,0.0,1,1,1,0,1178117.0,0,0,0,8.0
1,2.0,23.0,3.0,1,1,1.0,0.0,1,1,2,10.0,0,0.0,0,1,0,0.0,0,0,1,1,0,1,0,0,1,0,1,1,1,1,0,25.0,0,1,0,0,6657549.0,1,0,0,5.0
1,5.0,56.0,15.0,1,1,3.0,5.0,2,2,1,14.0,2,1.0,2,0,0,0.0,0,1,1,1,1,0,1,1,1,1,1,0,1,2,1,9.0,1,0,0,0,108639.0,0,0,1,8.0
1,6.0,246.0,65.0,1,1,1.0,2.0,3,3,8,60.0,2,1.0,2,0,0,0.0,0,1,1,1,1,0,1,1,1,1,0,2,1,0,1,20.0,1,1,1,0,368165.0,1,2,0,1.0
1,3.0,299.0,41.0,1,1,3.0,0.0,2,2,3,25.0,2,0.0,0,0,0,0.0,0,1,1,1,1,0,1,1,2,1,1,0,1,0,0,20.0,1,2,0,0,1162155.0,1,0,1,2.0
1,4.0,-100.0,12.0,1,1,17.0,0.0,2,5,2,11.0,4,1.0,1,1,0,0.0,0,1,1,1,1,0,0,1,2,1,1,0,1,2,1,22.0,1,1,0,0,290009.0,0,0,1,8.0
1,2.0,143.0,4.0,1,1,1.0,0.0,2,6,4,50.0,0,0.0,1,0,0,0.0,0,1,1,1,1,0,0,0,2,1,1,0,1,2,1,6.0,1,0,0,0,3506564.0,0,0,1,0.0
1,4.0,-69.0,7.0,1,1,12.0,0.0,3,0,3,7.0,0,1.0,1,1,0,0.0,1,1,1,1,1,0,1,1,1,1,1,0,1,2,1,7.0,1,0,0,0,22105.0,1,0,1,9.0
1,3.0,398.0,11.0,1,1,9.0,0.0,2,0,2,11.0,0,0.0,0,1,0,0.0,0,0,1,1,1,0,1,0,1,1,1,0,1,0,0,10.0,0,1,0,0,88188.0,1,0,1,0.0
1,2.0,193.0,1.0,1,1,5.0,0.0,3,0,3,50.0,0,0.0,1,0,0,0.0,0,0,1,1,1,0,0,0,1,1,1,0,1,0,0,11.0,1,2,0,0,990957.0,1,0,1,0.0
1,2.0,123.0,8.0,0,1,1.0,0.0,2,4,3,8.0,4,0.0,0,1,0,0.0,1,1,1,1,1,0,1,0,0,1,1,0,1,2,0,23.0,1,1,1,0,880762.0,1,2,1,3.0
1,4.0,0.0,13.0,1,1,11.0,0.0,3,9,9,50.0,0,0.0,0,1,0,0.0,1,1,1,1,0,0,0,0,2,1,0,1,1,0,1,21.0,1,1,0,0,835064.5,0,0,1,8.0
1,2.0,53.0,4.0,0,1,3.0,0.0,0,1,4,10.0,0,0.0,0,0,0,0.0,0,1,0,0,0,1,0,0,1,1,0,0,0,2,1,18.0,1,1,0,0,835064.5,1,2,1,4.0
1,3.0,143.0,9.0,1,1,1.0,0.0,2,0,2,10.0,1,0.0,0,0,0,1.0,0,1,1,1,0,0,0,0,1,1,0,1,1,0,0,16.0,1,1,0,0,1158531.0,1,0,1,0.0
1,3.0,268.0,15.0,1,1,5.0,0.0,2,1,4,16.0,0,0.0,1,1,0,0.0,1,1,1,1,0,1,1,0,1,1,0,1,1,0,0,5.0,1,1,0,0,835064.5,1,0,1,0.0
1,3.0,28.0,41.0,1,1,0.0,0.0,2,2,5,50.0,2,1.0,1,1,0,0.0,1,1,1,1,1,0,1,1,2,1,1,0,1,1,1,37.0,1,2,1,0,835064.5,1,0,1,1.0
1,7.0,149.0,17.0,1,1,3.0,0.0,1,4,6,15.0,1,1.0,2,1,0,0.0,1,1,1,1,1,0,1,2,2,1,0,1,1,2,1,8.0,0,1,0,0,835064.5,1,0,1,2.0
1,3.0,448.0,15.0,1,1,3.0,0.0,2,0,2,15.0,1,0.0,1,0,0,0.0,1,1,1,1,1,0,1,1,2,1,0,1,1,2,0,24.0,1,1,0,0,156473.0,0,0,1,9.0
1,2.0,0.0,1.0,1,1,0.0,0.0,2,8,2,15.0,1,0.0,1,1,0,0.0,0,1,1,1,1,0,1,0,2,1,0,1,0,1,0,12.0,1,2,0,0,10414376.0,0,0,1,7.0
1,3.0,162.0,30.0,1,1,0.0,3.0,2,6,4,30.0,3,0.0,1,1,0,0.0,1,1,1,1,1,0,1,0,2,1,0,1,1,1,0,18.0,0,1,0,0,359437.0,1,0,1,3.0
1,1.0,286.0,41.0,1,1,0.0,0.0,2,6,6,43.0,0,0.0,1,1,0,0.0,0,0,1,1,1,0,1,0,1,1,0,0,1,2,1,17.0,0,0,0,0,735463.0,0,2,1,1.0
1,2.0,1.0,19.0,1,1,1.0,0.0,1,11,6,28.0,2,0.0,2,0,0,0.0,1,1,1,1,1,0,1,1,2,1,1,2,1,2,1,18.0,0,2,0,0,1409473.0,0,0,1,0.0
1,3.0,270.0,27.0,1,1,0.0,3.0,2,2,3,20.0,3,0.0,1,1,0,0.0,1,1,0,1,1,0,1,0,2,1,1,0,1,2,1,17.0,0,0,1,0,48561.0,0,0,1,8.0
1,2.0,299.0,30.0,1,1,3.0,0.0,2,2,2,22.0,3,1.0,1,0,0,0.0,0,1,1,1,1,0,1,0,2,1,1,0,1,2,1,5.0,0,0,0,0,835064.5,1,0,1,1.0
1,3.0,291.0,8.0,0,1,7.0,0.0,2,1,2,8.0,1,1.0,1,0,0,0.0,0,1,1,1,1,0,1,0,2,1,1,0,1,1,1,12.0,1,2,1,0,835064.5,0,0,1,5.0
1,5.0,456.0,89.0,1,1,0.0,0.0,2,0,6,80.0,3,1.0,1,0,0,0.0,1,1,0,1,1,0,1,2,2,1,0,1,1,2,0,14.0,0,0,0,1,880762.0,0,0,1,2.0
1,4.0,331.0,209.0,1,1,1.0,0.0,2,1,10,226.0,4,1.0,1,1,0,0.0,1,1,1,1,1,0,1,1,2,1,0,0,1,0,0,18.0,1,2,0,0,4331697.0,0,0,1,4.0
1,2.0,118.0,18.0,0,1,2.0,0.0,2,0,2,22.0,0,0.0,0,0,0,0.0,1,1,1,1,1,0,1,0,1,1,1,0,1,2,1,18.0,0,2,0,0,44388.0,0,0,1,5.0
1,3.0,258.0,44.0,1,1,0.0,0.0,2,6,6,45.0,0,0.0,1,0,0,0.0,1,1,1,1,0,0,1,0,2,1,0,0,1,2,1,14.0,1,2,1,0,2084312.0,0,2,1,1.0
1,4.0,131.0,48.0,1,1,0.0,0.0,0,0,5,49.0,0,0.0,1,1,0,1.0,1,1,1,1,0,1,1,0,2,1,1,1,1,2,0,14.0,1,2,1,0,2186599.0,0,0,1,0.0
1,5.0,222.0,50.0,1,1,0.0,0.0,2,3,5,50.0,0,1.0,1,0,0,0.0,0,1,1,1,1,1,1,0,2,1,0,2,1,2,1,22.0,0,2,1,0,835064.5,0,2,1,6.0
1,5.0,56.0,27.0,1,1,2.0,0.0,2,3,4,24.0,2,1.0,1,1,0,0.0,1,1,1,1,1,0,1,1,2,1,1,0,1,2,1,18.0,0,1,0,0,427794.0,0,0,1,9.0
1,4.0,281.0,15.0,1,1,0.0,0.0,2,4,3,15.0,1,1.0,2,0,0,0.0,0,0,1,1,1,0,0,0,2,1,1,0,1,2,1,14.0,1,1,0,0,533971.0,0,0,1,8.0
1,7.0,331.0,83.0,1,1,0.0,0.0,1,1,7,85.0,0,1.0,0,1,0,0.0,1,1,1,1,1,0,1,1,2,1,1,2,1,2,1,20.0,0,0,1,0,58457.0,0,0,1,3.0
1,3.0,194.0,41.0,1,1,0.0,2.0,2,2,4,48.0,4,1.0,1,0,0,0.0,0,1,1,1,0,1,0,0,2,1,0,1,1,2,1,42.0,1,0,0,0,835064.5,0,2,1,3.0
1,7.0,5.0,53.0,1,1,0.0,2.0,1,0,5,80.0,0,1.0,1,1,0,0.0,1,1,1,1,1,0,1,0,2,1,0,2,1,2,1,17.0,0,0,0,0,889950.0,0,0,1,2.0
1,3.0,109.0,31.0,1,1,0.0,3.0,1,0,6,50.0,2,1.0,0,1,0,0.0,1,0,1,1,0,0,1,1,2,1,0,2,1,2,1,37.0,1,0,0,0,6773962.0,0,0,1,9.0
1,14.0,194.0,58.0,1,1,0.0,5.0,0,0,8,40.0,0,1.0,2,0,0,1.0,0,1,1,1,1,0,1,0,2,1,0,0,1,1,0,41.0,0,1,1,0,1147953.0,0,2,1,0.0
1,5.0,61.0,23.0,0,1,0.0,1.0,1,0,4,10.0,0,0.0,0,1,0,0.0,0,1,1,1,1,0,1,1,2,1,0,1,0,2,0,22.0,0,2,0,1,1676454.0,1,0,1,2.0
1,6.0,464.0,43.0,1,1,0.0,1.0,4,2,7,50.0,2,1.0,1,1,0,0.0,0,1,1,1,1,0,1,0,1,1,0,1,1,2,1,23.0,1,0,0,0,141868.0,1,0,1,5.0
1,5.0,31.0,4.0,1,1,0.0,1.0,1,0,1,7.0,0,0.0,1,1,1,1.0,1,0,1,1,0,0,1,0,2,1,0,0,0,1,0,14.0,0,2,0,0,6670312.0,0,2,1,0.0
1,2.0,98.0,9.0,1,1,0.0,1.0,2,1,2,9.0,0,1.0,0,1,0,0.0,0,0,1,1,1,0,1,0,1,1,0,0,0,1,0,10.0,1,1,0,0,410491.0,0,0,1,0.0
1,2.0,0.0,0.0,0,0,0.0,2.0,2,1,2,4.0,0,0.0,2,0,0,0.0,0,0,0,1,1,0,1,0,2,1,0,1,0,0,0,14.0,0,1,1,0,835064.5,1,0,1,7.0
1,5.0,0.0,43.0,1,1,0.0,1.0,1,10,7,77.0,0,1.0,1,1,0,0.0,1,1,1,1,1,1,1,0,2,1,0,0,0,0,0,14.0,1,1,0,0,29861.0,0,0,1,5.0
1,14.0,170.0,172.0,1,1,0.0,4.0,0,0,5,173.0,3,0.0,1,1,0,0.0,1,1,1,1,1,1,1,1,2,1,0,0,1,1,0,10.0,0,2,0,0,443595.0,0,0,1,0.0
1,6.0,294.0,410.0,1,0,1.0,0.0,3,0,9,415.0,0,1.0,2,0,0,0.0,0,0,1,1,1,0,1,0,1,1,1,0,1,1,1,25.0,0,1,0,1,208813.0,0,0,1,0.0
1,7.0,0.0,1.0,1,0,1.0,0.0,2,0,5,77.0,0,0.0,1,1,0,1.0,0,1,1,1,1,0,1,0,2,1,0,1,0,2,1,33.0,0,1,0,0,127118.0,0,0,1,4.0
1,4.0,-254.0,448.0,1,1,0.0,1.0,3,0,8,433.0,0,1.0,1,0,0,1.0,0,1,1,1,1,1,1,0,2,1,0,2,1,1,1,3.0,0,0,0,0,3702887.0,0,0,1,3.0
1,7.0,36.0,1.0,0,1,0.0,1.0,0,0,3,5.0,0,1.0,0,0,0,0.0,1,1,0,1,0,0,1,0,2,1,0,0,1,1,1,18.0,1,2,0,1,835064.5,0,0,1,1.0
0,5.0,12.0,1.0,0,1,1.0,6.0,2,0,3,7.0,0,0.0,0,1,0,1.0,1,1,1,1,1,0,0,0,0,1,0,0,1,0,0,12.0,1,2,1,0,9439938.0,0,0,1,1.0
0,5.0,-16.0,1.0,0,1,2.0,0.0,0,1,2,4.0,0,0.0,0,1,0,0.0,1,1,1,1,0,0,0,0,2,1,0,0,1,2,0,10.0,0,2,0,1,835064.5,0,0,1,1.0
1,4.0,-29.0,10.0,0,1,0.0,0.0,2,3,4,10.0,1,1.0,0,0,0,1.0,1,1,1,1,0,0,1,0,2,1,1,0,1,1,1,38.0,0,0,0,0,835064.5,0,0,1,1.0
0,6.0,0.0,0.0,0,1,7.0,1.0,2,1,2,6.0,3,0.0,0,1,0,0.0,1,1,1,1,0,0,1,1,2,1,0,0,1,1,0,10.0,0,1,0,0,898999.0,0,2,1,1.0
0,9.0,-133.0,0.0,0,1,1.0,0.0,1,3,2,20.0,1,0.0,1,1,0,0.0,0,1,1,1,0,0,1,1,0,0,1,0,1,0,0,0.0,0,0,0,0,835064.5,0,0,1,7.0
1,2.0,0.0,6.0,1,0,0.0,0.0,2,1,2,30.0,0,1.0,0,0,0,0.0,0,1,0,1,1,1,1,0,2,0,0,0,0,0,0,10.0,0,1,1,0,835064.5,0,0,1,0.0
1,2.0,63.0,4.0,0,1,3.0,0.0,2,0,3,6.0,0,0.0,1,1,0,0.0,0,1,0,1,1,0,1,0,2,1,1,1,1,1,0,25.0,0,0,1,1,3743293.0,1,0,0,1.0
1,2.0,1193.0,13.0,0,1,2.0,0.0,2,0,2,15.0,0,0.0,2,1,1,1.0,0,1,0,1,1,0,1,1,1,0,0,0,0,0,1,37.0,0,0,1,0,14785.0,1,0,1,4.0
1,3.0,207.0,13.0,0,1,6.0,0.0,3,2,3,18.0,1,0.0,0,1,0,0.0,2,1,1,1,1,1,1,1,1,0,0,0,1,0,1,10.0,1,0,1,0,751103.0,0,2,0,1.0
0,4.0,13.0,10.0,0,1,1.0,3.0,2,1,1,50.0,0,0.0,2,0,0,0.0,1,0,0,0,0,0,1,1,1,0,0,1,1,1,0,7.0,0,1,0,0,7020276.0,0,2,1,0.0
1,4.0,388.0,36.0,1,1,0.0,0.0,3,3,6,37.0,2,0.0,0,0,0,0.0,1,1,1,1,1,0,1,1,2,1,2,0,1,2,1,50.0,2,2,1,1,82868.0,0,0,1,9.0
1,6.0,-96.0,52.0,1,1,0.0,0.0,5,5,10,55.0,2,0.0,2,0,1,1.0,0,1,0,1,1,0,1,0,2,1,1,1,1,2,0,50.0,2,1,1,0,333844.0,0,0,1,6.0
1,2.0,0.0,20.0,0,1,1.0,0.0,3,0,3,6.0,0,0.0,0,1,0,0.0,0,0,0,0,0,0,1,0,1,0,0,1,0,1,1,23.0,1,1,0,0,835064.5,0,2,0,3.0
0,9.0,0.0,14.0,0,1,0.0,0.0,1,2,3,8.0,0,1.0,1,1,0,0.0,0,0,0,1,1,1,0,0,2,0,1,0,1,1,1,49.0,2,1,1,0,835064.5,1,1,0,5.0
1,2.0,32.0,12.0,0,1,0.0,9.0,4,0,6,10.0,0,1.0,1,1,0,0.0,0,1,1,1,1,0,1,0,2,0,2,1,1,2,0,12.0,0,0,1,0,1559939.0,0,2,0,2.0
1,2.0,40.0,5.0,1,1,2.0,0.0,2,0,2,6.0,0,0.0,2,0,1,0.0,2,1,1,1,1,0,1,0,2,0,1,1,1,2,1,30.0,0,0,0,0,8334266.0,0,0,0,5.0
1,3.0,603.0,95.0,1,1,0.0,0.0,4,8,8,96.0,4,0.0,1,1,0,0.0,0,1,0,1,1,1,0,1,1,0,0,0,0,1,0,16.0,2,2,1,0,2725.0,1,2,0,5.0
0,7.0,0.0,8.0,0,1,0.0,0.0,2,0,2,2.0,0,0.0,0,0,0,0.0,0,0,0,1,0,0,0,0,2,1,1,1,1,0,0,24.0,0,0,0,0,835064.5,0,1,1,1.0
1,4.0,65.0,8.0,0,1,0.0,0.0,2,0,2,6.0,0,0.0,2,0,0,1.0,1,0,1,0,0,0,1,0,1,1,1,0,1,1,0,25.0,1,1,1,1,4621889.0,1,0,0,7.0
1,5.0,73.0,31.0,1,1,0.0,0.0,2,0,3,36.0,2,0.0,1,1,0,1.0,1,0,0,1,1,1,1,0,2,1,1,0,1,1,0,25.0,1,1,1,0,434839.0,1,0,1,7.0
1,4.0,359.0,297.0,1,1,4.0,0.0,1,1,10,297.0,1,0.0,2,1,0,1.0,0,0,0,0,1,1,1,1,2,1,1,0,1,1,0,25.0,1,1,1,0,257071.0,1,0,0,6.0
1,2.0,89.0,6.0,0,0,0.0,1.0,2,0,2,4.0,0,0.0,0,0,0,1.0,0,0,0,0,1,0,0,0,0,0,0,1,0,1,0,16.0,0,0,1,1,1541266.0,0,1,0,0.0
1,5.0,127.0,45.0,1,0,2.0,0.0,2,0,1,46.0,0,0.0,1,0,0,0.0,1,0,0,0,0,1,0,0,1,0,0,0,1,1,0,25.0,0,0,0,0,1327504.0,0,0,0,7.0
1,3.0,359.0,19.0,1,0,0.0,1.0,2,0,3,30.0,0,0.0,1,1,0,1.0,0,0,0,1,0,1,0,0,1,1,0,0,1,1,0,2.0,1,0,0,1,382303.0,0,0,0,2.0
1,4.0,511.0,14.0,0,0,1.0,0.0,5,0,8,8.0,0,0.0,1,1,0,1.0,0,0,1,1,1,0,1,0,1,0,1,1,1,1,0,24.0,1,1,0,1,245886.0,0,0,0,1.0
1,2.0,316.0,32.0,1,0,1.0,0.0,2,0,5,50.0,0,0.0,1,1,0,1.0,1,1,0,0,1,1,1,0,1,1,0,0,1,2,0,14.0,0,0,0,1,20238024.0,0,0,0,0.0
1,2.0,40.0,6.0,0,0,1.0,0.0,0,1,1,50.0,0,0.0,1,0,0,0.0,0,0,1,0,1,0,0,0,2,1,0,1,0,2,0,22.0,1,0,1,0,4386057.0,1,0,0,0.0
1,2.0,89.0,11.0,1,0,1.0,0.0,2,0,2,10.0,0,0.0,0,1,0,1.0,0,1,1,1,1,0,1,0,2,1,0,0,0,0,0,18.0,0,0,0,0,1633729.0,1,0,0,5.0
1,3.0,157.0,10.0,1,0,2.0,1.0,4,0,1,13.0,2,0.0,0,1,0,0.0,1,1,0,1,1,1,1,0,2,1,0,1,1,2,1,29.0,2,1,1,1,456198.0,1,2,1,2.0
1,1.0,224.0,41.0,0,0,3.0,0.0,3,0,3,10.0,0,0.0,0,1,0,1.0,1,1,0,1,1,0,1,0,1,1,0,1,1,2,0,18.0,2,1,1,1,1075438.0,1,0,1,1.0
1,5.0,-19.0,20.0,0,0,3.0,0.0,2,0,5,50.0,0,0.0,1,1,0,1.0,1,0,0,1,1,1,1,0,2,1,0,0,1,1,0,24.0,1,0,1,0,1725737.0,1,0,0,7.0
1,2.0,138.0,5.0,0,0,0.0,0.0,3,3,3,50.0,0,0.0,1,1,0,1.0,1,0,0,0,1,0,1,0,2,1,0,1,1,2,0,51.0,0,0,0,0,2522474.0,0,0,0,5.0
1,3.0,205.0,10.0,0,0,2.0,0.0,2,1,1,10.0,0,0.0,0,1,1,0.0,1,1,0,0,1,1,1,0,1,1,0,1,1,2,1,27.0,2,0,1,0,3784917.0,1,0,1,3.0
1,4.0,35.0,7.0,0,0,0.0,0.0,3,0,1,50.0,0,0.0,0,0,0,0.0,0,1,0,1,1,1,1,1,1,1,0,1,1,1,1,0.0,2,0,0,0,5506308.0,0,0,1,1.0
1,3.0,59.0,7.0,0,0,2.0,0.0,3,0,1,10.0,0,0.0,1,0,1,1.0,0,1,0,1,1,1,1,0,2,1,0,1,1,1,1,51.0,0,1,0,0,22246.0,1,0,1,1.0
1,1.0,133.0,5.0,0,0,1.0,0.0,0,0,4,10.0,0,0.0,2,0,0,0.0,0,1,1,1,0,1,1,0,2,1,1,1,0,1,1,18.0,2,1,0,1,8709224.0,1,0,1,2.0
1,4.0,131.0,4.0,0,0,2.0,0.0,1,0,2,10.0,0,0.0,0,1,0,1.0,0,1,0,1,0,0,0,0,2,0,0,1,1,0,0,25.0,1,0,0,0,1936207.0,1,0,0,4.0
1,4.0,357.0,14.0,1,0,5.0,0.0,2,0,6,50.0,0,0.0,0,1,0,1.0,0,1,0,0,0,0,1,0,2,0,1,0,0,1,0,8.0,0,0,0,0,14054.0,1,0,1,3.0
1,4.0,-26.0,104.0,1,0,1.0,0.0,1,1,9,200.0,1,0.0,0,1,0,0.0,0,0,0,1,1,0,1,2,2,1,1,0,1,1,0,20.0,1,0,0,0,45567.0,1,0,0,1.0
0,7.0,-3.0,129.0,0,1,8.0,0.0,1,2,1,50.0,0,0.0,0,1,0,1.0,1,0,0,0,1,0,0,0,2,1,1,2,1,1,1,0.0,0,0,0,0,2992604.0,1,0,0,0.0
0,7.0,-30.0,9.0,0,0,0.0,0.0,3,0,5,50.0,0,0.0,1,1,0,1.0,1,0,0,0,0,0,0,1,2,0,1,0,1,1,0,25.0,0,0,0,1,14553250.0,0,0,1,9.0
1,9.0,-207.0,9.0,0,1,0.0,4.0,2,1,3,9.0,0,0.0,0,1,0,1.0,1,0,0,1,0,1,0,2,2,1,1,0,1,1,0,25.0,1,0,1,0,255878.0,0,0,1,6.0
1,4.0,-725.0,244.0,0,1,0.0,1.0,1,0,5,50.0,0,0.0,0,1,0,1.0,1,0,0,0,0,0,0,1,2,0,0,0,1,1,0,21.0,1,0,0,0,147869.0,1,0,1,3.0
0,7.0,0.0,14.0,0,1,0.0,1.0,0,0,2,10.0,0,0.0,0,1,0,1.0,1,0,0,0,0,0,0,0,2,0,1,1,1,1,0,25.0,0,0,0,0,835064.5,1,0,1,4.0
0,4.0,242.0,1.0,0,1,0.0,0.0,1,0,3,50.0,0,0.0,0,0,0,1.0,0,0,0,1,0,0,0,1,2,1,1,0,0,1,0,25.0,0,0,0,0,138358.0,1,0,0,1.0
1,9.0,-391.0,16.0,0,1,1.0,2.0,3,0,9,200.0,0,0.0,2,0,0,0.0,1,1,0,0,1,0,0,2,2,0,0,0,1,1,1,24.0,0,0,1,0,112659.0,1,0,1,5.0
0,4.0,144.0,12.0,0,1,0.0,0.0,2,0,2,50.0,0,0.0,0,1,0,1.0,1,0,0,1,0,1,0,0,2,0,1,1,1,1,0,15.0,0,0,0,0,12992.0,0,0,1,0.0
0,3.0,0.0,13.0,0,1,1.0,0.0,3,0,3,10.0,0,0.0,2,0,0,1.0,0,0,0,1,0,0,0,0,1,0,0,0,1,1,0,10.0,0,0,0,0,835064.5,1,0,0,2.0
0,5.0,-14.0,1.0,0,0,0.0,1.0,3,0,3,50.0,0,0.0,0,1,0,1.0,0,1,0,0,1,0,0,0,2,1,1,1,1,1,0,22.0,0,0,1,0,20196505.0,1,0,0,2.0
0,7.0,-53.0,1.0,0,0,1.0,0.0,1,0,1,50.0,0,0.0,0,1,0,1.0,1,0,0,0,0,0,0,0,2,1,0,1,1,1,0,25.0,0,0,0,0,3600838.0,1,0,1,4.0
0,3.0,-243.0,2.0,0,0,1.0,0.0,4,0,4,10.0,0,0.0,0,1,0,1.0,0,1,0,0,1,0,0,0,1,1,0,1,1,1,0,25.0,0,0,0,0,835064.5,1,0,1,9.0
0,4.0,0.0,2.0,0,1,1.0,0.0,2,0,2,50.0,0,1.0,2,1,0,1.0,0,0,0,1,0,0,1,0,2,1,1,1,1,1,1,25.0,0,0,0,0,835064.5,1,1,1,8.0
0,8.0,0.0,7.0,1,0,0.0,1.0,2,0,2,10.0,0,0.0,0,1,0,1.0,1,0,0,1,0,1,0,1,2,1,0,0,1,1,0,25.0,0,0,1,1,835064.5,1,0,0,7.0
0,5.0,0.0,4.0,0,1,0.0,0.0,1,0,1,10.0,0,0.0,0,1,0,1.0,1,0,0,0,0,1,0,1,2,1,0,1,1,1,0,25.0,0,0,1,0,835064.5,1,1,0,6.0
0,3.0,0.0,26.0,0,1,0.0,0.0,1,1,1,10.0,0,0.0,2,0,0,1.0,1,0,0,0,0,0,1,0,2,0,0,1,1,1,0,19.0,0,0,1,0,835064.5,1,1,0,2.0
0,7.0,-3.0,6.0,0,1,0.0,0.0,2,0,2,50.0,0,0.0,0,1,0,1.0,0,0,0,0,0,0,0,1,2,0,0,0,1,1,0,10.0,0,0,0,0,5851401.0,1,1,0,5.0
0,4.0,0.0,18.0,1,1,0.0,0.0,2,0,2,200.0,0,0.0,0,1,0,1.0,0,1,0,0,1,1,1,0,2,0,1,0,1,1,0,7.0,0,0,0,0,835064.5,1,0,0,4.0
0,4.0,0.0,0.0,0,1,1.0,0.0,3,0,4,10.0,0,0.0,0,1,0,1.0,0,0,0,1,0,0,1,0,2,0,1,0,1,1,0,8.0,0,0,0,1,18372022.0,1,0,0,3.0
0,7.0,-29.0,20.0,0,0,0.0,0.0,0,0,1,200.0,0,1.0,2,1,0,1.0,1,1,0,0,0,0,0,1,2,1,1,0,0,1,0,21.0,0,0,0,0,970318.0,1,0,1,0.0
0,4.0,170.0,7.0,1,0,0.0,6.0,3,0,3,50.0,0,0.0,2,0,0,1.0,0,0,0,0,0,0,0,1,1,0,0,1,1,1,0,14.0,0,0,1,0,1912479.0,1,0,0,6.0
0,9.0,-169.0,5.0,0,1,1.0,0.0,1,0,3,50.0,1,0.0,0,1,0,1.0,1,0,0,0,0,1,0,0,2,0,0,0,1,1,0,25.0,0,0,0,1,88023.0,1,0,1,6.0
0,6.0,15.0,48.0,1,0,3.0,2.0,1,0,3,50.0,1,0.0,1,1,0,0.0,0,0,0,0,1,0,0,0,2,0,0,0,1,1,0,6.0,0,0,1,0,9092587.0,1,0,0,0.0
0,5.0,-8.0,41.0,0,1,1.0,0.0,1,0,1,50.0,0,0.0,0,1,0,1.0,1,1,0,0,0,0,1,0,2,0,0,0,1,1,0,25.0,0,0,1,0,835064.5,1,1,0,3.0
0,2.0,0.0,16.0,0,0,1.0,0.0,2,0,2,50.0,0,0.0,0,1,0,1.0,1,0,0,1,0,0,1,0,1,0,0,0,0,1,0,5.0,0,0,0,0,835064.5,1,1,0,0.0
0,6.0,0.0,4.0,0,1,1.0,0.0,5,0,5,50.0,0,0.0,0,1,0,1.0,1,0,0,0,1,1,1,0,2,0,1,0,0,1,0,25.0,0,0,1,1,835064.5,1,1,0,3.0
0,6.0,-10.0,89.0,0,1,1.0,0.0,1,0,2,50.0,0,0.0,0,1,0,1.0,0,0,0,0,1,0,0,0,1,0,1,1,1,1,0,25.0,0,0,1,1,18581451.0,1,1,0,0.0
0,3.0,0.0,25.0,0,1,1.0,0.0,4,0,4,10.0,0,0.0,0,1,0,1.0,0,0,0,0,0,0,0,0,2,0,0,0,0,1,0,19.0,1,0,1,0,835064.5,1,1,0,2.0
0,5.0,0.0,3.0,0,1,1.0,0.0,3,1,3,10.0,0,0.0,1,1,0,1.0,0,0,0,0,0,1,1,0,2,0,1,1,0,1,0,8.0,0,0,1,0,835064.5,1,1,1,0.0
0,2.0,-84.0,1.0,0,1,0.0,0.0,3,2,2,50.0,0,0.0,1,1,0,1.0,0,0,0,0,0,0,0,0,1,0,1,1,0,1,0,20.0,0,0,1,0,7581851.0,1,1,0,4.0
0,3.0,-13.0,1.0,0,1,1.0,0.0,2,0,2,10.0,0,0.0,2,0,0,1.0,0,0,0,0,0,0,0,0,1,0,0,0,0,1,0,12.0,0,0,0,1,5516702.0,1,1,1,4.0
0,7.0,-4.0,3.0,0,1,0.0,1.0,1,0,1,1.0,0,0.0,2,1,0,1.0,0,0,0,0,0,0,1,0,2,0,0,0,0,1,0,5.0,0,0,0,0,8536058.0,1,0,0,0.0
0,6.0,0.0,23.0,0,0,0.0,1.0,2,2,2,50.0,0,0.0,1,1,0,1.0,0,0,0,0,0,0,0,0,2,1,0,1,1,1,0,25.0,0,0,1,0,835064.5,1,1,0,4.0
0,8.0,0.0,4.0,0,0,1.0,0.0,2,0,2,50.0,0,0.0,1,1,0,1.0,0,0,0,0,0,0,0,0,2,0,1,1,1,1,0,9.0,0,0,1,1,835064.5,1,1,0,0.0
0,6.0,15.0,34.0,0,1,1.0,0.0,1,1,2,50.0,0,0.0,1,1,0,1.0,1,0,0,0,0,0,0,0,2,0,1,1,1,1,0,18.0,0,0,1,0,15201417.0,1,1,1,11.0
0,5.0,-8.0,35.0,0,1,0.0,2.0,2,0,3,4.0,0,0.0,2,1,0,1.0,0,0,0,0,0,0,1,0,1,0,1,2,0,1,0,25.0,0,0,1,0,14539082.0,1,0,0,4.0
1,3.0,13.0,0.0,0,1,1.0,0.0,2,0,2,10.0,0,0.0,2,1,0,1.0,1,0,0,0,0,0,0,0,1,0,0,1,1,1,0,8.0,0,1,0,1,835064.5,1,2,0,8.0
1,4.0,-309.0,3.0,0,1,1.0,0.0,2,0,2,10.0,0,0.0,0,1,0,1.0,0,1,0,1,0,0,1,1,1,1,1,0,1,2,0,31.0,0,1,0,0,819284.0,1,0,0,1.0
1,3.0,101.0,4.0,0,1,3.0,0.0,3,0,3,8.0,1,0.0,1,1,0,0.0,0,1,0,1,1,0,0,1,2,0,0,1,1,2,0,27.0,0,0,0,0,829576.0,1,0,0,6.0
1,3.0,76.0,0.0,0,1,1.0,0.0,7,0,3,2.0,1,0.0,0,1,0,0.0,0,1,0,1,1,1,0,0,2,0,1,0,1,2,0,22.0,2,0,1,1,7663291.0,0,2,0,8.0
1,4.0,-10.0,2.0,0,1,0.0,0.0,2,0,2,3.0,0,0.0,1,1,0,1.0,0,1,0,0,1,1,1,0,2,1,0,1,1,2,1,31.0,0,0,0,0,816385.0,1,0,0,4.0
1,5.0,-45.0,5.0,0,1,1.0,0.0,3,1,5,3.0,0,0.0,1,1,0,1.0,0,1,0,1,1,1,1,0,1,0,1,1,1,1,0,38.0,1,1,0,0,17173041.0,0,0,0,2.0
1,4.0,92.0,8.0,0,1,0.0,1.0,2,0,3,50.0,0,0.0,1,1,0,0.0,0,1,0,1,1,1,1,0,2,1,1,0,1,2,1,35.0,0,0,0,0,816385.0,0,0,0,5.0
1,4.0,-375.0,5.0,1,1,4.0,0.0,4,3,8,10.0,4,0.0,0,1,0,0.0,0,0,0,1,0,1,0,1,1,1,0,0,1,2,0,30.0,2,0,0,0,1400959.0,0,0,0,7.0
1,7.0,13.0,0.0,0,1,1.0,0.0,4,0,7,50.0,0,1.0,1,1,0,0.0,0,0,0,1,1,1,1,0,2,1,0,1,1,2,1,19.0,0,0,0,0,6972031.0,0,0,0,5.0
1,4.0,-16.0,6.0,0,1,0.0,2.0,2,0,4,15.0,1,0.0,1,1,0,0.0,1,0,0,1,1,0,1,0,1,1,0,2,1,2,1,44.0,2,0,0,0,835064.5,0,0,0,5.0
1,3.0,272.0,25.0,1,1,10.0,8.0,3,0,8,50.0,0,0.0,1,1,0,1.0,0,1,1,1,1,0,1,1,2,0,0,1,1,0,0,36.0,0,0,0,0,105893.0,1,0,1,2.0
1,7.0,-173.0,8.0,1,1,0.0,0.0,2,1,6,50.0,3,0.0,1,1,0,0.0,1,1,1,1,1,0,1,1,0,1,0,1,1,0,0,35.0,2,0,0,1,1336317.0,1,0,1,6.0
1,5.0,110.0,39.0,1,1,0.0,1.0,3,1,5,50.0,1,0.0,1,1,0,0.0,1,1,1,1,1,0,1,1,1,1,1,1,0,2,0,28.0,0,0,0,0,157602.0,1,0,1,9.0
1,3.0,484.0,6.0,1,1,11.0,0.0,1,0,1,50.0,0,1.0,1,1,0,1.0,1,0,0,1,1,0,1,2,2,1,1,0,1,0,1,34.0,1,2,0,0,38521.0,1,0,0,4.0
1,7.0,-136.0,3.0,0,1,0.0,0.0,1,6,2,50.0,0,0.0,1,1,0,1.0,1,0,0,1,1,1,1,1,2,1,0,0,1,2,0,23.0,0,0,1,0,835064.5,1,0,1,0.0
1,9.0,75.0,4.0,0,1,0.0,0.0,2,0,4,50.0,1,0.0,1,1,0,0.0,0,1,0,1,0,0,1,1,2,1,0,1,0,0,0,6.0,0,0,0,0,786526.0,1,0,0,5.0
1,9.0,-14.0,4.0,0,1,0.0,0.0,2,0,6,40.0,0,0.0,0,1,0,1.0,0,1,0,1,1,0,1,0,2,1,0,1,0,2,0,28.0,1,0,0,0,5835588.0,1,0,1,5.0
1,4.0,136.0,13.0,0,1,0.0,0.0,2,1,6,40.0,2,1.0,0,1,0,1.0,0,1,0,0,0,0,1,1,2,1,1,1,1,1,0,9.0,2,0,0,0,186669.0,1,0,0,11.0
1,9.0,327.0,83.0,1,1,0.0,0.0,2,3,7,65.0,0,0.0,0,0,0,1.0,0,0,0,1,1,0,1,1,2,1,0,2,1,1,0,15.0,2,0,0,1,54162.0,1,0,1,2.0
1,8.0,215.0,27.0,0,1,0.0,0.0,1,0,1,50.0,0,0.0,0,1,0,0.0,0,1,0,1,1,1,1,0,1,0,0,0,1,2,0,9.0,0,1,0,0,4038.0,1,0,1,0.0
1,7.0,-113.0,14.0,1,1,0.0,0.0,1,0,2,50.0,0,0.0,1,1,0,0.0,0,0,0,1,1,1,1,0,2,1,0,2,1,2,1,44.0,1,0,0,0,885463.0,0,0,1,0.0
1,9.0,1.0,8.0,1,1,0.0,4.0,3,1,6,50.0,1,0.0,1,1,0,0.0,0,1,0,0,1,1,1,1,2,1,0,2,1,2,1,40.0,0,1,0,0,583509.0,1,0,0,5.0
1,6.0,0.0,6.0,0,1,6.0,0.0,3,1,5,34.0,1,1.0,1,1,0,0.0,0,0,0,0,1,1,0,1,2,1,0,1,1,2,0,21.0,2,0,0,1,835064.5,1,0,1,6.0
1,9.0,-5.0,1.0,0,1,3.0,0.0,2,2,5,30.0,1,1.0,0,1,0,0.0,1,1,0,0,1,0,1,0,2,0,0,0,1,2,1,18.0,0,0,0,0,835064.5,1,0,0,7.0
0,6.0,2.0,4.0,0,1,2.0,0.0,2,1,2,10.0,0,0.0,1,1,0,1.0,0,1,0,0,0,1,1,0,2,0,1,0,1,2,0,25.0,0,0,0,0,5092265.0,1,0,1,0.0
1,7.0,702.0,197.0,1,1,0.0,0.0,2,0,4,5000.0,0,0.0,0,1,0,1.0,1,1,0,0,1,0,1,0,2,1,0,0,1,0,0,21.0,2,0,0,0,7941.0,1,0,1,5.0
1,7.0,413.0,168.0,0,1,0.0,0.0,1,2,11,200.0,0,0.0,0,1,0,1.0,1,1,0,0,1,1,1,1,2,1,0,1,1,1,1,26.0,0,0,0,1,43814.0,1,0,0,3.0
1,9.0,-20.0,67.0,0,1,0.0,0.0,3,1,3,200.0,2,0.0,0,0,0,0.0,1,1,0,0,1,1,1,1,2,1,0,1,1,1,1,12.0,1,0,0,0,840553.0,1,0,0,2.0
1,5.0,-9.0,0.0,1,1,1.0,0.0,3,0,2,10.0,0,0.0,2,1,0,1.0,0,1,0,0,1,0,1,0,1,1,0,0,0,1,0,23.0,0,2,0,1,22391670.0,1,0,0,6.0
0,5.0,-104.0,20.0,1,1,7.0,0.0,2,1,8,50.0,2,0.0,0,1,0,1.0,0,0,0,1,0,0,1,1,2,1,0,1,0,0,1,25.0,0,0,0,0,6405946.0,1,0,0,10.0
1,5.0,-75.0,23.0,1,1,0.0,0.0,1,1,7,50.0,1,0.0,0,0,0,1.0,1,0,0,1,1,0,1,1,2,1,0,1,0,2,1,14.0,2,1,0,0,20635527.0,1,0,0,1.0
1,5.0,162.0,0.0,1,1,0.0,0.0,1,0,1,50.0,0,0.0,0,0,0,0.0,1,0,0,1,1,0,0,0,2,1,0,1,1,2,0,23.0,2,1,0,0,257365.0,1,0,1,3.0
1,6.0,106.0,16.0,0,1,1.0,4.0,3,1,3,50.0,0,0.0,0,1,0,0.0,0,0,0,1,0,1,1,1,2,0,0,2,1,2,0,24.0,0,1,0,1,1877770.0,1,0,0,3.0
1,7.0,66.0,6.0,0,1,0.0,0.0,2,0,4,50.0,1,0.0,1,1,0,1.0,0,1,0,1,1,1,1,0,2,1,0,0,1,0,1,34.0,2,1,0,0,2871443.0,1,0,1,5.0
0,4.0,-1.0,0.0,0,1,1.0,0.0,1,0,1,10.0,1,0.0,0,1,0,1.0,0,1,0,1,1,1,1,0,2,1,0,0,1,0,1,25.0,2,0,0,0,5631525.0,0,0,1,3.0
1,2.0,-6.0,1.0,0,1,1.0,0.0,1,0,3,10.0,1,1.0,2,1,0,1.0,0,1,0,1,1,1,1,0,2,1,0,0,1,0,1,22.0,0,1,0,0,835064.5,0,0,0,0.0
1,4.0,667.0,36.0,0,1,6.0,0.0,2,0,6,50.0,1,0.0,1,1,0,1.0,1,0,0,1,1,0,1,1,2,0,0,0,0,1,0,5.0,2,1,1,0,16024.0,1,2,0,0.0
1,4.0,-497.0,1.0,0,0,1.0,0.0,3,0,3,50.0,1,0.0,0,0,0,0.0,1,1,0,1,1,0,1,0,2,1,0,0,1,1,0,16.0,0,1,1,0,1978409.0,0,0,1,2.0
1,8.0,-6.0,0.0,0,0,2.0,0.0,1,0,2,10.0,1,0.0,1,1,0,1.0,0,1,0,0,1,0,0,1,2,1,0,1,1,1,0,15.0,1,1,1,0,17887654.0,0,0,1,1.0
0,8.0,-18.0,1.0,0,0,2.0,0.0,2,0,2,10.0,0,0.0,0,1,0,0.0,1,1,0,1,1,1,1,0,1,1,0,0,1,0,0,12.0,1,0,0,0,835064.5,0,0,0,5.0
1,6.0,-116.0,6.0,0,0,1.0,0.0,1,0,2,50.0,0,0.0,0,1,0,0.0,1,1,0,1,0,1,1,0,1,1,1,0,1,2,0,46.0,0,0,0,1,4618433.0,1,0,0,0.0
0,4.0,-6.0,0.0,0,0,0.0,0.0,1,0,1,10.0,1,0.0,0,1,0,0.0,1,0,0,1,0,1,1,1,1,0,1,1,0,1,0,13.0,2,0,0,0,835064.5,1,1,1,4.0
1,6.0,75.0,48.0,1,0,2.0,0.0,4,0,5,50.0,0,0.0,0,1,0,0.0,1,1,0,1,1,1,1,1,2,1,1,0,1,2,0,27.0,1,0,0,1,112920.0,0,0,1,5.0
1,1.0,64.0,6.0,0,0,0.0,0.0,0,0,1,1.0,0,1.0,0,0,0,0.0,1,1,0,1,1,1,0,0,1,1,0,0,1,0,0,33.0,0,0,0,0,11809941.0,0,0,0,7.0
0,4.0,-33.0,1.0,0,0,1.0,0.0,2,0,2,50.0,0,0.0,0,1,0,0.0,1,0,0,1,1,1,0,0,2,1,0,0,1,1,0,25.0,0,0,0,0,5751747.0,1,2,0,0.0
1,2.0,96.0,10.0,0,0,0.0,1.0,3,3,4,16.0,0,0.0,1,1,0,1.0,1,1,1,1,1,0,1,1,1,1,1,0,1,1,0,7.5,2,1,1,0,1603864.0,1,0,0,2.0
0,2.0,16.0,1.0,0,1,0.0,0.0,1,0,1,10.0,0,0.0,0,0,0,1.0,1,0,0,0,0,1,0,0,2,0,0,0,0,0,0,25.0,0,0,1,0,3274502.0,1,1,0,3.0
1,2.0,398.0,11.0,1,1,0.0,0.0,2,0,2,11.0,0,0.0,0,1,0,0.0,0,0,1,1,1,0,1,0,1,1,1,0,1,0,0,23.0,0,1,0,0,88188.0,1,0,1,0.0
1,2.0,0.0,0.0,0,1,1.0,0.0,2,0,2,13.0,0,0.0,2,1,1,1.0,1,0,0,1,1,0,0,0,1,0,1,1,1,1,0,36.0,1,0,0,0,835064.5,0,1,0,1.0
1,4.0,481.0,12.0,0,1,3.0,0.0,3,0,3,15.0,0,0.0,1,1,0,1.0,1,0,0,0,1,0,1,1,2,1,1,0,1,1,0,8.0,0,0,1,0,15411.0,1,1,1,0.0
1,4.0,0.0,13.0,1,1,2.0,2.0,1,0,7,53.0,0,0.0,2,0,0,1.0,1,1,0,1,1,1,1,1,2,0,1,0,1,0,0,25.0,1,0,0,1,835064.5,1,1,0,6.0
1,2.0,132.0,9.0,0,0,1.0,0.0,3,0,3,11.0,0,0.0,1,1,0,0.0,1,0,0,1,0,0,0,0,1,0,0,0,1,0,0,20.0,2,0,0,0,45979.0,1,1,0,1.0
1,1.0,451.0,2.0,0,0,1.0,0.0,2,0,2,2.0,0,0.0,0,1,0,1.0,0,0,1,1,1,0,0,1,2,0,0,1,1,1,0,25.0,0,1,0,0,504890.0,0,1,0,5.0
1,4.0,461.0,27.0,1,0,1.0,0.0,1,0,5,32.0,0,0.0,2,1,0,1.0,1,1,0,0,1,1,1,0,2,1,1,1,1,1,0,25.0,1,1,0,0,351854.0,1,1,0,1.0
1,3.0,278.0,5.0,0,0,3.0,0.0,2,0,2,5.0,0,0.0,2,1,0,1.0,0,0,1,1,1,0,1,1,2,0,0,0,1,1,0,18.0,0,1,1,1,45388.0,1,0,0,0.0
1,3.0,68.0,4.0,0,0,1.0,0.0,0,1,2,30.0,0,0.0,0,0,0,0.0,1,1,1,1,1,0,1,0,1,1,0,1,1,0,0,17.0,0,0,0,0,237226.0,1,0,1,0.0
1,1.0,-68.0,19.0,0,0,0.0,0.0,2,1,4,20.0,0,0.0,2,0,1,1.0,1,1,0,1,1,1,1,1,2,1,0,1,1,2,1,18.0,0,1,0,1,596645.0,0,0,1,0.0
1,2.0,115.0,4.0,0,0,6.0,0.0,2,0,2,50.0,0,0.0,0,1,0,1.0,0,1,0,1,1,0,1,1,2,1,1,0,1,2,1,12.0,2,0,1,0,1198637.0,1,0,1,0.0
1,1.0,41.0,27.0,0,0,1.0,0.0,1,0,5,10.0,1,0.0,0,0,0,0.0,0,0,0,0,1,1,1,1,2,1,0,1,1,2,1,18.0,2,1,1,1,7078322.0,1,0,1,2.0
1,2.0,398.0,11.0,0,0,10.0,0.0,4,0,3,10.0,0,0.0,2,0,0,1.0,0,0,1,0,1,0,0,0,1,1,0,1,1,0,0,14.0,0,0,1,0,235406.0,0,0,1,4.0
1,4.0,93.0,5.0,0,0,3.0,0.0,3,0,3,14.0,0,0.0,0,1,0,1.0,1,1,0,1,1,1,1,1,1,1,1,0,0,0,0,18.0,1,0,1,0,55913.0,0,0,1,1.0
1,1.0,-20.0,12.0,1,0,1.0,0.0,3,0,3,10.0,0,0.0,0,1,0,0.0,0,0,0,1,1,1,1,0,2,1,1,0,1,1,0,31.0,1,1,0,0,3427821.0,1,0,1,0.0
1,3.0,1.0,0.0,0,0,1.0,0.0,2,0,2,1.0,0,0.0,0,1,0,0.0,1,0,0,1,1,0,1,0,1,1,0,0,1,2,0,49.0,1,1,0,0,1578645.0,0,0,1,0.0
1,3.0,-14.0,4.0,0,0,3.0,0.0,3,0,3,10.0,0,0.0,1,1,0,0.0,0,0,0,0,1,1,0,1,1,1,1,2,1,1,0,37.0,0,2,0,0,1405476.0,0,0,0,1.0
1,2.0,146.0,16.0,1,0,2.0,0.0,2,0,3,10.0,2,0.0,0,1,0,0.0,0,0,0,1,0,1,1,1,1,1,0,1,0,2,1,27.0,0,0,0,1,1713317.0,0,0,1,6.0
1,4.0,530.0,4.0,1,0,2.0,0.0,2,0,2,10.0,0,1.0,2,0,0,0.0,0,0,0,1,0,0,0,0,2,1,1,0,0,1,0,31.0,1,1,0,0,267433.0,0,0,1,3.0
1,1.0,297.0,13.0,1,0,3.0,0.0,2,0,1,50.0,0,0.0,0,0,1,1.0,0,1,0,1,1,1,1,1,2,1,1,0,0,2,1,50.0,0,1,1,0,452454.0,1,0,1,2.0
1,4.0,-2.0,47.0,0,0,1.0,0.0,2,0,1,50.0,0,0.0,0,0,0,0.0,0,1,0,1,0,0,0,0,0,0,0,0,0,1,0,0.0,2,0,1,0,835064.5,1,0,0,1.0
1,3.0,33.0,2.0,1,0,0.0,0.0,1,0,1,10.0,0,0.0,0,1,0,0.0,0,1,0,1,1,1,1,1,1,0,1,0,1,1,0,35.0,2,1,1,0,9080158.0,1,2,1,3.0
0,4.0,144.0,71.0,0,1,1.0,0.0,2,0,2,50.0,0,0.0,0,1,0,1.0,1,0,0,1,0,1,0,0,2,0,1,1,1,1,0,15.0,0,0,0,0,12992.0,0,0,1,0.0
1,7.0,702.0,197.0,1,1,1.0,0.0,2,0,4,5000.0,0,0.0,0,1,0,1.0,1,1,0,0,1,0,1,0,2,1,0,0,1,0,0,21.0,2,0,0,0,7941.0,1,0,1,5.0
0,4.0,-6.0,0.0,0,0,1.0,0.0,1,0,1,1.0,1,0.0,0,1,0,0.0,1,0,0,1,0,1,1,1,1,0,1,1,0,1,0,13.0,2,0,0,0,835064.5,1,0,1,4.0
0,2.0,68.0,14.0,1,0,0.0,0.0,2,0,2,14.0,0,0.0,0,1,0,1.0,1,0,1,1,1,1,1,0,2,0,1,1,1,1,0,25.0,0,0,1,0,1869138.0,0,1,0,8.0
1,4.0,154.0,5.0,0,1,4.0,0.0,2,0,3,3.0,0,0.0,0,1,0,1.0,1,0,1,0,0,0,1,0,2,0,0,0,0,1,0,25.0,0,0,0,0,327029.0,0,1,0,6.0
1,6.0,3.0,2.0,0,1,0.0,0.0,3,0,3,3.0,0,0.0,0,1,0,1.0,1,0,0,0,0,0,1,0,2,0,1,1,0,1,0,14.0,0,0,1,0,835064.5,0,1,0,0.0
0,9.0,126.0,89.0,1,1,0.0,2.0,3,1,5,87.0,4,0.0,0,1,0,1.0,0,0,0,1,1,1,1,2,2,1,1,0,0,1,0,25.0,1,0,1,0,325240.0,1,1,1,7.0
0,6.0,0.0,6.0,0,1,0.0,0.0,1,0,1,1.0,0,0.0,1,1,0,1.0,0,0,1,0,0,0,1,0,2,1,1,1,0,1,0,14.0,0,0,1,0,15735768.0,0,1,0,0.0
1,4.0,60.0,6.0,0,1,0.0,0.0,0,0,4,10.0,0,0.0,2,1,0,1.0,1,0,0,0,1,0,0,0,2,1,1,1,0,1,0,17.0,0,0,1,0,555837.0,0,1,1,0.0
1,4.0,-182.0,0.0,0,0,1.0,0.0,1,0,1,12.0,0,0.0,0,0,0,1.0,1,0,0,1,0,0,0,1,2,0,0,0,1,1,0,0.0,0,0,1,0,96532.0,0,1,1,0.0
0,7.0,0.0,1.0,0,0,0.0,1.0,2,0,2,9.0,0,0.0,0,1,0,1.0,1,0,0,0,0,0,0,1,2,0,1,1,0,1,0,19.0,0,0,1,1,835064.5,0,1,1,0.0
1,4.0,61.0,0.0,0,1,12.0,0.0,0,0,1,1.0,1,0.0,0,1,0,1.0,1,0,0,1,0,1,1,2,2,0,1,0,0,1,0,20.0,0,0,1,0,1167795.0,0,1,0,0.0
1,9.0,1.0,33.0,0,1,0.0,2.0,3,0,2,31.0,2,0.0,1,0,0,1.0,1,0,0,1,0,1,0,2,2,0,0,0,0,1,0,23.0,1,1,1,0,525906.0,0,1,1,7.0
0,3.0,113.0,26.0,1,1,0.0,0.0,3,0,3,20.0,0,0.0,0,0,0,1.0,1,0,0,0,1,0,1,1,2,1,1,1,1,1,0,25.0,0,1,1,0,644516.0,1,1,1,2.0
0,3.0,119.0,21.0,1,1,12.0,0.0,4,0,3,26.0,3,0.0,0,0,0,0.0,1,0,0,0,0,1,1,1,2,0,0,1,0,1,0,21.0,1,2,1,0,480111.0,0,1,0,6.0
0,4.0,169.0,28.0,1,1,0.0,0.0,4,0,4,30.0,2,0.0,1,1,0,1.0,1,0,0,0,0,1,1,0,2,1,1,0,0,1,0,25.0,1,2,1,1,899614.0,1,1,0,7.0
0,4.0,516.0,71.0,1,1,6.0,0.0,6,7,6,74.0,2,1.0,2,1,0,1.0,1,0,0,0,1,1,1,1,2,1,1,1,0,1,0,0.0,1,2,1,0,69882.0,1,1,0,7.0
0,3.0,329.0,46.0,0,1,2.0,0.0,3,3,10,56.0,2,1.0,2,1,0,1.0,1,0,1,0,0,1,1,1,2,1,1,1,1,1,1,25.0,1,2,1,0,619877.0,1,1,0,8.0
0,4.0,81.0,88.0,1,1,0.0,0.0,1,2,1,94.0,0,1.0,1,1,0,1.0,0,0,1,0,0,1,0,0,2,1,0,1,1,1,0,25.0,1,2,0,0,2083910.0,1,1,0,0.0
0,8.0,263.0,139.0,0,1,0.0,0.0,4,2,10,143.0,0,0.0,0,1,0,0.0,0,0,0,0,0,1,1,1,1,0,0,1,1,1,0,25.0,0,2,0,0,253992.0,0,1,0,3.0
0,4.0,367.0,26.0,1,1,0.0,0.0,2,0,4,28.0,0,0.0,1,0,0,0.0,0,0,0,0,1,0,1,1,1,1,1,1,1,1,0,18.0,1,2,0,0,37120.0,1,1,0,1.0
0,5.0,357.0,39.0,0,1,0.0,0.0,2,2,4,41.0,0,1.0,2,0,0,1.0,1,0,0,0,0,0,1,0,2,1,0,1,0,1,0,21.0,2,2,0,0,161711.0,0,1,1,6.0
0,4.0,75.0,63.0,1,1,0.0,0.0,1,1,2,74.0,0,1.0,0,1,0,0.0,1,0,0,0,0,1,1,0,2,1,0,1,1,1,1,25.0,1,2,0,1,1718511.0,1,1,1,7.0
0,4.0,241.0,12.0,1,1,1.0,0.0,2,2,4,18.0,1,0.0,0,1,0,1.0,1,0,0,1,0,1,1,0,2,1,0,1,1,1,0,25.0,2,2,1,1,848616.0,1,1,1,5.0
0,6.0,-19.0,18.0,0,1,0.0,1.0,2,1,4,20.0,0,0.0,0,1,0,1.0,1,0,0,0,0,1,1,0,2,0,0,0,1,1,0,13.0,2,2,1,1,835064.5,1,1,0,0.0
0,8.0,0.0,21.0,1,1,0.0,0.0,1,0,1,50.0,0,0.0,0,1,0,1.0,0,0,0,0,0,0,1,1,1,0,1,1,1,1,0,25.0,0,1,1,0,835064.5,1,1,0,5.0
0,9.0,46.0,2.0,1,1,0.0,0.0,2,3,3,50.0,3,0.0,2,1,0,1.0,1,0,0,0,0,1,0,1,1,0,1,1,0,1,1,25.0,1,1,0,0,835064.5,1,1,0,7.0
0,4.0,-7.0,16.0,1,1,0.0,2.0,1,0,1,50.0,0,0.0,2,1,0,1.0,0,0,0,1,0,1,0,1,1,0,1,1,0,1,0,25.0,2,1,0,0,835064.5,1,1,0,5.0
0,6.0,-12.0,1.0,1,1,0.0,4.0,1,0,1,50.0,0,0.0,0,1,0,0.0,0,0,0,0,0,1,0,1,1,0,1,1,1,1,1,15.0,1,1,1,0,835064.5,1,1,0,0.0
0,4.0,-58.0,4.0,1,1,0.0,1.0,3,1,4,50.0,0,0.0,0,1,0,1.0,0,0,0,0,0,1,0,1,1,1,1,1,0,1,0,14.0,1,1,1,0,835064.5,0,1,0,1.0
0,3.0,-4.0,0.0,1,1,0.0,0.0,2,0,1,50.0,0,0.0,0,1,0,1.0,0,0,0,1,0,0,1,1,1,1,1,1,1,1,0,12.0,0,1,1,0,835064.5,1,1,0,4.0
0,9.0,-10.0,6.0,1,1,0.0,0.0,1,0,5,40.0,2,0.0,0,1,0,0.0,0,0,0,1,0,0,0,1,1,1,1,1,1,1,0,9.0,0,1,1,1,835064.5,0,1,0,0.0
0,5.0,110.0,0.0,1,1,0.0,0.0,1,1,2,5.0,0,0.0,0,0,0,0.0,0,0,0,1,1,0,0,1,1,0,1,1,1,1,1,25.0,1,1,0,0,835064.5,1,1,0,0.0
0,4.0,30.0,0.0,0,1,0.0,0.0,1,0,2,3.0,0,0.0,0,0,0,0.0,1,1,1,1,0,0,0,1,1,0,1,1,0,1,1,32.0,0,1,0,0,835064.5,0,1,0,2.0
0,6.0,-62.0,4.0,0,1,0.0,0.0,1,0,2,9.0,0,1.0,0,0,0,0.0,1,1,1,1,0,0,0,1,1,1,1,1,1,1,0,10.0,0,1,1,0,835064.5,1,1,0,1.0
0,3.0,-72.0,3.0,0,1,0.0,0.0,2,0,2,4.0,0,0.0,0,0,0,0.0,0,1,1,1,0,0,0,1,1,1,1,1,0,1,0,8.0,1,1,1,0,835064.5,1,1,0,4.0
0,8.0,0.0,30.0,0,1,0.0,0.0,1,0,2,5.0,0,0.0,0,1,0,0.0,1,1,1,1,0,0,0,1,1,0,1,1,1,1,0,19.0,0,1,1,0,835064.5,0,1,0,8.0
0,4.0,-30.0,13.0,0,1,0.0,1.0,0,1,2,50.0,0,0.0,0,1,0,1.0,1,0,0,1,0,0,0,1,1,1,1,1,1,1,0,24.0,0,1,0,0,835064.5,0,1,0,0.0
